total_obs,total_exp,E,R1,R2,R3,R4,R5,R6,R7,R8,R9,R10,R11,R12,R13,R14,R15,R16,R17,R18,R19,R20,R21,R22,R23,R24,R25,R26,R27,R28,R29,R30,R31,R32,R33,R34,R35,R36,R37,R38,R39,R40,R41,R42,R43,R44,R45,R46,R47,R48,R49,R50,R51,R52,R53,R54,R55,R56,R57,R58,R59,R60,R61,R62,R63,R64,R65,R66,R67,R68,R69,R70,R71,R72,R73,R74,R75,R76,R77,R78,R79,R80,R81,R82,R83,R84,R85,R86,R87,R88,R89,R90,R91,R92,R93,R94,R95,R96,R97,R98,R99,R100,R101,R102,R103,R104,R105,R106,R107,R108,R109,R110,R111,R112,R113,R114,R115,R116,R117,R118,R119,R120,R121,R122,R123,R124,R125,R126,R127,R128,R129,R130,R131,R132,R133,R134,R135,R136,R137,R138,R139,R140,R141,R142,R143,R144,R145,R146,R147,R148,R149,R150,R151,R152,R153,R154,R155,R156,R157,R158,R159,R160,R161,R162,R163,R164,R165,R166,R167,R168,R169,R170,R171,R172,R173,R174,R175,R176,R177,R178,R179,R180,R181,R182,R183,R184,R185,R186,R187,R188,R189,R190,R191,R192,R193,R194,R195,R196,R197,R198,R199,R200,rand_mean,rand_std
0,0,183.0,179.0,183.0,163.0,181.0,174.0,169.0,180.0,177.0,176.0,181.0,177.0,178.0,177.0,180.0,179.0,169.0,192.0,172.0,184.0,179.0,174.0,181.0,171.0,178.0,164.0,176.0,179.0,185.0,174.0,190.0,168.0,163.0,181.0,182.0,186.0,167.0,172.0,175.0,176.0,171.0,181.0,178.0,186.0,183.0,166.0,179.0,174.0,186.0,174.0,173.0,178.0,175.0,181.0,178.0,184.0,173.0,175.0,176.0,185.0,166.0,170.0,177.0,187.0,174.0,177.0,180.0,183.0,175.0,168.0,170.0,175.0,176.0,171.0,171.0,190.0,189.0,179.0,181.0,170.0,184.0,176.0,171.0,170.0,171.0,182.0,183.0,179.0,166.0,180.0,186.0,181.0,184.0,177.0,159.0,175.0,174.0,173.0,181.0,180.0,176.0,167.0,178.0,167.0,174.0,172.0,177.0,178.0,172.0,167.0,186.0,177.0,179.0,167.0,176.0,169.0,183.0,182.0,173.0,169.0,172.0,174.0,175.0,183.0,164.0,177.0,176.0,177.0,177.0,179.0,174.0,179.0,165.0,182.0,183.0,179.0,177.0,171.0,175.0,185.0,180.0,177.0,177.0,176.0,169.0,175.0,190.0,180.0,188.0,170.0,194.0,181.0,173.0,180.0,180.0,173.0,193.0,165.0,177.0,172.0,177.0,177.0,187.0,177.0,181.0,187.0,183.0,162.0,166.0,162.0,181.0,171.0,189.0,184.0,180.0,181.0,166.0,179.0,176.0,172.0,182.0,175.0,183.0,181.0,180.0,177.0,165.0,181.0,180.0,176.0,172.0,175.0,184.0,166.0,179.0,188.0,178.0,182.0,177.0,174.0,169.0,176.77,6.559131882747622
0,1,101.0,100.0,102.0,101.0,119.0,92.0,108.0,103.0,109.0,119.0,99.0,100.0,95.0,101.0,101.0,97.0,111.0,115.0,91.0,92.0,90.0,112.0,102.0,100.0,100.0,102.0,90.0,105.0,107.0,113.0,104.0,112.0,92.0,100.0,107.0,101.0,94.0,111.0,104.0,95.0,99.0,111.0,103.0,102.0,104.0,105.0,95.0,104.0,99.0,112.0,102.0,101.0,90.0,104.0,94.0,97.0,102.0,97.0,107.0,108.0,105.0,113.0,87.0,104.0,103.0,96.0,99.0,105.0,89.0,100.0,102.0,102.0,103.0,109.0,110.0,101.0,101.0,92.0,97.0,96.0,90.0,98.0,82.0,111.0,113.0,94.0,86.0,102.0,107.0,106.0,100.0,93.0,94.0,100.0,104.0,101.0,104.0,96.0,100.0,106.0,113.0,115.0,108.0,103.0,102.0,101.0,95.0,115.0,107.0,94.0,90.0,97.0,104.0,86.0,103.0,96.0,114.0,107.0,95.0,102.0,102.0,112.0,109.0,97.0,103.0,98.0,109.0,105.0,114.0,97.0,95.0,101.0,88.0,100.0,97.0,108.0,101.0,104.0,108.0,126.0,104.0,98.0,94.0,102.0,96.0,112.0,98.0,86.0,95.0,89.0,100.0,93.0,99.0,101.0,106.0,104.0,96.0,89.0,107.0,97.0,102.0,78.0,107.0,102.0,107.0,93.0,92.0,97.0,106.0,107.0,108.0,98.0,106.0,99.0,98.0,97.0,98.0,103.0,102.0,104.0,99.0,118.0,102.0,89.0,107.0,99.0,104.0,108.0,91.0,101.0,109.0,104.0,92.0,105.0,113.0,85.0,98.0,110.0,112.0,106.0,108.0,101.42,7.512375050173706
0,2,22.0,27.0,25.0,24.0,27.0,20.0,28.0,20.0,25.0,19.0,24.0,21.0,29.0,24.0,23.0,20.0,23.0,21.0,26.0,21.0,25.0,21.0,24.0,25.0,22.0,24.0,32.0,14.0,18.0,21.0,26.0,24.0,21.0,25.0,18.0,20.0,26.0,18.0,23.0,26.0,21.0,18.0,27.0,27.0,19.0,19.0,30.0,25.0,29.0,23.0,19.0,21.0,29.0,18.0,23.0,24.0,17.0,21.0,24.0,22.0,18.0,25.0,30.0,23.0,21.0,25.0,20.0,25.0,21.0,20.0,23.0,22.0,19.0,21.0,16.0,29.0,21.0,15.0,19.0,28.0,20.0,24.0,27.0,21.0,18.0,16.0,36.0,26.0,21.0,22.0,27.0,26.0,22.0,19.0,18.0,18.0,14.0,19.0,19.0,19.0,21.0,24.0,21.0,17.0,24.0,27.0,29.0,23.0,20.0,20.0,29.0,22.0,21.0,23.0,24.0,24.0,22.0,19.0,27.0,20.0,23.0,21.0,21.0,21.0,25.0,21.0,24.0,18.0,20.0,23.0,35.0,25.0,23.0,26.0,24.0,22.0,18.0,20.0,22.0,21.0,22.0,25.0,26.0,25.0,25.0,21.0,22.0,19.0,21.0,14.0,20.0,26.0,21.0,25.0,18.0,23.0,22.0,21.0,23.0,18.0,29.0,31.0,19.0,21.0,13.0,24.0,20.0,22.0,18.0,27.0,26.0,22.0,21.0,22.0,18.0,27.0,20.0,23.0,22.0,23.0,25.0,18.0,16.0,28.0,23.0,21.0,26.0,18.0,35.0,24.0,27.0,25.0,23.0,27.0,25.0,34.0,23.0,17.0,21.0,24.0,16.0,22.6,3.9570559077787157
0,3,13.0,8.0,10.0,14.0,8.0,15.0,12.0,8.0,14.0,12.0,12.0,14.0,15.0,12.0,12.0,13.0,12.0,8.0,7.0,10.0,13.0,7.0,14.0,13.0,14.0,9.0,11.0,12.0,12.0,12.0,9.0,9.0,10.0,13.0,7.0,11.0,7.0,15.0,12.0,10.0,11.0,16.0,10.0,7.0,13.0,10.0,11.0,13.0,9.0,11.0,13.0,12.0,10.0,12.0,11.0,9.0,11.0,14.0,12.0,11.0,10.0,9.0,9.0,11.0,9.0,10.0,11.0,9.0,10.0,11.0,9.0,13.0,16.0,13.0,15.0,13.0,12.0,17.0,13.0,11.0,14.0,12.0,15.0,11.0,14.0,17.0,6.0,9.0,14.0,10.0,10.0,9.0,10.0,10.0,9.0,10.0,13.0,14.0,12.0,10.0,10.0,10.0,9.0,9.0,11.0,10.0,12.0,11.0,9.0,13.0,10.0,13.0,11.0,14.0,13.0,10.0,13.0,11.0,11.0,18.0,12.0,12.0,19.0,9.0,8.0,11.0,13.0,15.0,6.0,11.0,10.0,16.0,12.0,12.0,9.0,15.0,18.0,12.0,14.0,12.0,11.0,15.0,9.0,13.0,11.0,13.0,10.0,11.0,11.0,16.0,11.0,13.0,15.0,13.0,13.0,12.0,11.0,16.0,12.0,8.0,10.0,13.0,13.0,12.0,14.0,9.0,12.0,7.0,15.0,9.0,10.0,13.0,11.0,11.0,17.0,10.0,15.0,14.0,13.0,8.0,7.0,17.0,16.0,13.0,9.0,9.0,9.0,9.0,13.0,14.0,13.0,9.0,18.0,10.0,14.0,14.0,10.0,14.0,14.0,16.0,18.0,11.71,2.5805417996807356
1,0,381.0,406.0,391.0,415.0,399.0,400.0,416.0,405.0,389.0,385.0,393.0,400.0,408.0,378.0,385.0,393.0,399.0,403.0,408.0,394.0,424.0,389.0,382.0,404.0,412.0,395.0,399.0,409.0,380.0,389.0,392.0,402.0,398.0,403.0,396.0,396.0,397.0,400.0,405.0,391.0,397.0,397.0,383.0,405.0,406.0,389.0,393.0,397.0,391.0,404.0,394.0,391.0,399.0,409.0,393.0,392.0,409.0,388.0,395.0,390.0,384.0,385.0,406.0,378.0,402.0,400.0,408.0,402.0,400.0,401.0,408.0,397.0,409.0,402.0,389.0,379.0,392.0,393.0,408.0,392.0,395.0,405.0,400.0,407.0,407.0,379.0,406.0,389.0,405.0,391.0,390.0,396.0,387.0,402.0,413.0,395.0,400.0,404.0,383.0,412.0,410.0,404.0,409.0,416.0,394.0,397.0,390.0,392.0,405.0,397.0,386.0,389.0,407.0,400.0,394.0,395.0,399.0,390.0,410.0,404.0,383.0,394.0,392.0,397.0,412.0,409.0,397.0,403.0,403.0,398.0,408.0,400.0,418.0,390.0,394.0,390.0,400.0,390.0,382.0,398.0,384.0,392.0,418.0,399.0,422.0,414.0,394.0,393.0,395.0,408.0,391.0,378.0,398.0,392.0,404.0,388.0,391.0,407.0,394.0,413.0,415.0,390.0,389.0,390.0,384.0,397.0,392.0,386.0,404.0,401.0,399.0,394.0,389.0,389.0,398.0,382.0,397.0,401.0,380.0,397.0,399.0,416.0,379.0,395.0,390.0,404.0,419.0,380.0,391.0,378.0,416.0,387.0,401.0,406.0,389.0,385.0,391.0,391.0,392.0,388.0,398.0,397.215,9.692704348526252
1,1,60.0,57.0,55.0,65.0,50.0,46.0,56.0,51.0,58.0,51.0,64.0,60.0,50.0,55.0,58.0,46.0,56.0,51.0,51.0,57.0,54.0,54.0,64.0,43.0,50.0,54.0,59.0,55.0,58.0,64.0,53.0,54.0,61.0,54.0,58.0,50.0,54.0,63.0,55.0,62.0,60.0,52.0,55.0,62.0,45.0,51.0,42.0,51.0,53.0,43.0,58.0,64.0,48.0,46.0,59.0,59.0,59.0,61.0,51.0,60.0,53.0,53.0,55.0,53.0,54.0,55.0,66.0,57.0,54.0,57.0,54.0,64.0,52.0,57.0,56.0,59.0,50.0,51.0,49.0,49.0,49.0,61.0,67.0,60.0,52.0,59.0,51.0,57.0,57.0,54.0,50.0,46.0,65.0,55.0,51.0,54.0,55.0,52.0,55.0,49.0,45.0,56.0,61.0,51.0,58.0,56.0,59.0,47.0,52.0,60.0,60.0,50.0,52.0,57.0,57.0,53.0,50.0,51.0,45.0,62.0,61.0,61.0,52.0,54.0,58.0,57.0,47.0,59.0,53.0,55.0,60.0,46.0,61.0,54.0,63.0,51.0,56.0,62.0,49.0,43.0,57.0,65.0,52.0,48.0,59.0,57.0,49.0,59.0,58.0,53.0,55.0,63.0,55.0,59.0,49.0,71.0,61.0,58.0,59.0,54.0,49.0,53.0,49.0,55.0,50.0,53.0,46.0,60.0,63.0,51.0,49.0,65.0,54.0,58.0,58.0,57.0,60.0,56.0,51.0,54.0,51.0,49.0,62.0,59.0,58.0,62.0,53.0,51.0,48.0,55.0,56.0,55.0,55.0,56.0,58.0,45.0,63.0,54.0,51.0,54.0,62.0,55.025,5.3485897263018325
1,2,2.0,3.0,3.0,2.0,3.0,3.0,3.0,2.0,4.0,4.0,3.0,2.0,2.0,4.0,0.0,1.0,3.0,1.0,4.0,2.0,0.0,4.0,0.0,4.0,1.0,4.0,1.0,2.0,1.0,0.0,3.0,2.0,3.0,3.0,5.0,3.0,3.0,1.0,5.0,1.0,0.0,3.0,4.0,1.0,5.0,1.0,6.0,2.0,0.0,7.0,4.0,4.0,1.0,3.0,2.0,4.0,4.0,3.0,4.0,2.0,3.0,4.0,2.0,4.0,3.0,3.0,1.0,3.0,0.0,2.0,3.0,2.0,2.0,2.0,3.0,1.0,2.0,2.0,0.0,3.0,3.0,1.0,2.0,4.0,3.0,1.0,2.0,2.0,2.0,3.0,0.0,4.0,3.0,2.0,1.0,2.0,1.0,3.0,3.0,2.0,3.0,3.0,2.0,4.0,2.0,1.0,1.0,3.0,1.0,3.0,2.0,1.0,1.0,0.0,2.0,3.0,6.0,6.0,2.0,2.0,2.0,1.0,4.0,3.0,2.0,5.0,3.0,1.0,1.0,6.0,4.0,3.0,2.0,3.0,3.0,4.0,2.0,2.0,2.0,2.0,2.0,1.0,5.0,2.0,1.0,1.0,4.0,1.0,3.0,3.0,2.0,0.0,4.0,5.0,5.0,2.0,5.0,3.0,3.0,1.0,5.0,2.0,5.0,2.0,2.0,1.0,3.0,2.0,1.0,5.0,3.0,2.0,4.0,1.0,1.0,2.0,3.0,2.0,1.0,3.0,3.0,4.0,3.0,1.0,1.0,1.0,3.0,2.0,3.0,1.0,1.0,1.0,3.0,2.0,2.0,2.0,3.0,3.0,0.0,3.0,3.0,2.475,1.3925050634589426
1,3,0.0,1.0,0.0,0.0,0.0,0.0,0.0,0.0,0.0,0.0,0.0,0.0,0.0,0.0,1.0,0.0,0.0,0.0,0.0,0.0,0.0,0.0,0.0,0.0,0.0,0.0,0.0,0.0,0.0,1.0,0.0,0.0,0.0,0.0,0.0,0.0,0.0,0.0,0.0,0.0,0.0,1.0,0.0,0.0,0.0,0.0,0.0,0.0,0.0,0.0,0.0,0.0,0.0,0.0,0.0,0.0,0.0,0.0,0.0,0.0,0.0,0.0,0.0,0.0,0.0,0.0,0.0,0.0,0.0,0.0,0.0,0.0,0.0,0.0,0.0,0.0,0.0,0.0,0.0,0.0,0.0,1.0,1.0,0.0,0.0,0.0,0.0,0.0,0.0,0.0,1.0,1.0,0.0,0.0,1.0,0.0,1.0,0.0,0.0,0.0,0.0,0.0,0.0,0.0,0.0,0.0,0.0,0.0,0.0,0.0,0.0,0.0,0.0,0.0,0.0,0.0,0.0,0.0,0.0,0.0,0.0,0.0,0.0,2.0,0.0,0.0,0.0,0.0,0.0,0.0,0.0,0.0,0.0,0.0,0.0,0.0,0.0,0.0,0.0,0.0,1.0,0.0,0.0,0.0,0.0,0.0,0.0,0.0,0.0,0.0,0.0,0.0,0.0,0.0,0.0,0.0,0.0,0.0,0.0,0.0,0.0,0.0,0.0,0.0,1.0,1.0,0.0,0.0,0.0,0.0,0.0,0.0,0.0,0.0,0.0,0.0,0.0,0.0,0.0,0.0,0.0,0.0,0.0,0.0,0.0,0.0,0.0,0.0,0.0,0.0,1.0,0.0,0.0,0.0,0.0,0.0,0.0,0.0,0.0,1.0,0.0,0.085,0.2970119196295159
2,0,214.0,210.0,206.0,209.0,207.0,221.0,204.0,201.0,217.0,210.0,200.0,212.0,216.0,238.0,214.0,209.0,210.0,213.0,211.0,202.0,188.0,217.0,223.0,218.0,231.0,211.0,213.0,206.0,224.0,211.0,213.0,210.0,216.0,223.0,211.0,214.0,226.0,216.0,212.0,216.0,216.0,212.0,218.0,218.0,194.0,215.0,219.0,224.0,212.0,211.0,210.0,205.0,221.0,224.0,216.0,198.0,195.0,220.0,212.0,222.0,213.0,226.0,213.0,211.0,223.0,220.0,198.0,209.0,202.0,207.0,215.0,226.0,216.0,221.0,220.0,226.0,212.0,211.0,219.0,218.0,215.0,219.0,198.0,202.0,203.0,213.0,211.0,221.0,211.0,214.0,218.0,209.0,220.0,226.0,216.0,221.0,206.0,212.0,214.0,203.0,211.0,203.0,209.0,201.0,218.0,208.0,217.0,214.0,221.0,227.0,211.0,215.0,229.0,229.0,209.0,231.0,219.0,220.0,213.0,209.0,222.0,208.0,232.0,200.0,205.0,219.0,237.0,221.0,210.0,212.0,223.0,192.0,211.0,208.0,204.0,210.0,211.0,225.0,208.0,212.0,231.0,218.0,194.0,221.0,195.0,209.0,205.0,208.0,201.0,200.0,211.0,219.0,208.0,204.0,200.0,233.0,213.0,207.0,224.0,207.0,200.0,216.0,222.0,220.0,213.0,215.0,218.0,221.0,223.0,225.0,200.0,200.0,228.0,218.0,206.0,223.0,219.0,221.0,228.0,227.0,216.0,202.0,217.0,216.0,215.0,202.0,225.0,231.0,225.0,240.0,213.0,217.0,212.0,214.0,205.0,225.0,213.0,218.0,221.0,226.0,202.0,214.095,9.207052955240508
2,1,53.0,57.0,53.0,42.0,45.0,50.0,38.0,58.0,55.0,48.0,61.0,50.0,50.0,52.0,53.0,51.0,55.0,56.0,46.0,42.0,51.0,40.0,53.0,58.0,41.0,50.0,51.0,60.0,43.0,48.0,51.0,56.0,55.0,52.0,57.0,51.0,63.0,48.0,54.0,55.0,48.0,49.0,45.0,49.0,51.0,61.0,53.0,52.0,62.0,48.0,42.0,43.0,45.0,40.0,50.0,42.0,55.0,47.0,49.0,43.0,56.0,47.0,47.0,52.0,55.0,53.0,46.0,57.0,62.0,65.0,44.0,48.0,54.0,45.0,53.0,48.0,52.0,52.0,50.0,58.0,54.0,46.0,51.0,40.0,55.0,50.0,54.0,56.0,55.0,53.0,58.0,49.0,58.0,60.0,46.0,44.0,56.0,44.0,41.0,56.0,50.0,55.0,47.0,51.0,61.0,51.0,53.0,52.0,46.0,48.0,54.0,62.0,49.0,53.0,43.0,48.0,53.0,53.0,49.0,50.0,53.0,50.0,37.0,52.0,49.0,47.0,50.0,50.0,49.0,50.0,52.0,59.0,50.0,56.0,45.0,49.0,56.0,47.0,53.0,54.0,41.0,44.0,46.0,48.0,50.0,51.0,60.0,52.0,51.0,46.0,52.0,50.0,48.0,57.0,53.0,51.0,52.0,67.0,58.0,55.0,57.0,47.0,52.0,46.0,63.0,50.0,56.0,57.0,55.0,46.0,53.0,48.0,52.0,56.0,45.0,49.0,50.0,46.0,52.0,47.0,53.0,46.0,48.0,50.0,48.0,44.0,49.0,51.0,58.0,50.0,58.0,54.0,36.0,54.0,50.0,50.0,54.0,59.0,47.0,46.0,49.0,50.96,5.445795021581829
2,2,4.0,8.0,6.0,3.0,5.0,3.0,5.0,5.0,8.0,7.0,3.0,3.0,7.0,6.0,6.0,7.0,5.0,2.0,8.0,8.0,6.0,2.0,7.0,2.0,6.0,4.0,4.0,8.0,5.0,9.0,7.0,5.0,6.0,4.0,5.0,8.0,5.0,5.0,2.0,6.0,5.0,3.0,3.0,8.0,8.0,7.0,5.0,4.0,6.0,10.0,5.0,8.0,1.0,4.0,6.0,7.0,4.0,6.0,6.0,4.0,6.0,5.0,3.0,7.0,5.0,3.0,8.0,4.0,7.0,4.0,6.0,3.0,2.0,8.0,8.0,6.0,7.0,6.0,8.0,5.0,3.0,7.0,7.0,7.0,1.0,6.0,3.0,5.0,4.0,7.0,7.0,3.0,7.0,7.0,4.0,2.0,6.0,7.0,5.0,4.0,4.0,6.0,6.0,3.0,9.0,7.0,4.0,6.0,4.0,3.0,6.0,2.0,4.0,2.0,5.0,6.0,6.0,9.0,9.0,4.0,6.0,6.0,3.0,3.0,8.0,4.0,4.0,4.0,6.0,3.0,9.0,7.0,3.0,5.0,1.0,7.0,7.0,6.0,4.0,5.0,6.0,3.0,5.0,2.0,10.0,2.0,7.0,6.0,5.0,6.0,1.0,7.0,7.0,5.0,5.0,5.0,0.0,6.0,4.0,6.0,5.0,7.0,5.0,6.0,4.0,5.0,5.0,4.0,2.0,5.0,6.0,9.0,5.0,7.0,8.0,6.0,5.0,5.0,4.0,1.0,5.0,7.0,9.0,8.0,7.0,5.0,5.0,5.0,4.0,4.0,4.0,7.0,4.0,4.0,13.0,4.0,5.0,7.0,8.0,7.0,4.0,5.34,2.043349304918164
2,3,1.0,0.0,1.0,0.0,2.0,2.0,1.0,2.0,0.0,0.0,0.0,0.0,0.0,1.0,1.0,2.0,1.0,0.0,0.0,0.0,1.0,2.0,0.0,1.0,0.0,1.0,1.0,0.0,0.0,0.0,0.0,2.0,2.0,1.0,1.0,0.0,1.0,0.0,3.0,0.0,2.0,2.0,1.0,1.0,1.0,0.0,1.0,1.0,0.0,1.0,1.0,0.0,2.0,2.0,0.0,1.0,3.0,0.0,0.0,2.0,0.0,1.0,0.0,1.0,0.0,2.0,1.0,1.0,2.0,0.0,0.0,1.0,0.0,0.0,0.0,0.0,0.0,2.0,0.0,1.0,1.0,0.0,2.0,0.0,0.0,0.0,3.0,1.0,2.0,0.0,1.0,0.0,2.0,1.0,0.0,3.0,1.0,0.0,1.0,2.0,1.0,0.0,1.0,2.0,0.0,0.0,1.0,3.0,1.0,1.0,1.0,1.0,2.0,2.0,0.0,0.0,1.0,0.0,0.0,0.0,1.0,1.0,0.0,1.0,0.0,2.0,1.0,1.0,0.0,2.0,0.0,1.0,3.0,0.0,0.0,1.0,0.0,2.0,2.0,1.0,1.0,1.0,0.0,1.0,0.0,1.0,2.0,1.0,1.0,1.0,3.0,2.0,2.0,1.0,1.0,0.0,1.0,1.0,1.0,0.0,0.0,0.0,0.0,1.0,2.0,2.0,1.0,2.0,0.0,1.0,1.0,0.0,1.0,1.0,0.0,1.0,2.0,0.0,3.0,1.0,1.0,1.0,1.0,1.0,2.0,1.0,2.0,1.0,3.0,1.0,0.0,1.0,2.0,1.0,1.0,2.0,1.0,1.0,1.0,0.0,0.0,0.91,0.8517791017575839
3,0,130.0,133.0,143.0,130.0,141.0,128.0,125.0,121.0,123.0,138.0,132.0,142.0,132.0,139.0,136.0,138.0,130.0,132.0,141.0,150.0,126.0,126.0,133.0,128.0,126.0,124.0,145.0,130.0,140.0,122.0,134.0,135.0,130.0,123.0,139.0,135.0,116.0,131.0,137.0,126.0,137.0,142.0,150.0,138.0,136.0,137.0,148.0,129.0,138.0,142.0,149.0,124.0,141.0,130.0,137.0,142.0,139.0,142.0,136.0,136.0,137.0,136.0,124.0,141.0,131.0,132.0,130.0,124.0,129.0,132.0,125.0,138.0,137.0,136.0,130.0,113.0,126.0,135.0,127.0,133.0,134.0,130.0,122.0,132.0,138.0,136.0,135.0,132.0,138.0,134.0,136.0,140.0,123.0,119.0,142.0,140.0,135.0,140.0,149.0,134.0,126.0,135.0,126.0,132.0,131.0,141.0,136.0,136.0,131.0,125.0,132.0,139.0,133.0,127.0,129.0,148.0,122.0,121.0,137.0,144.0,117.0,137.0,133.0,136.0,128.0,127.0,118.0,114.0,138.0,130.0,116.0,149.0,136.0,138.0,135.0,146.0,140.0,133.0,135.0,125.0,128.0,124.0,134.0,135.0,141.0,128.0,127.0,139.0,147.0,148.0,126.0,133.0,129.0,140.0,136.0,127.0,128.0,115.0,126.0,128.0,125.0,148.0,139.0,135.0,128.0,136.0,130.0,129.0,121.0,145.0,145.0,146.0,130.0,131.0,130.0,129.0,124.0,131.0,120.0,139.0,139.0,128.0,142.0,122.0,130.0,131.0,121.0,142.0,128.0,136.0,121.0,150.0,135.0,137.0,146.0,128.0,123.0,129.0,139.0,122.0,152.0,133.105,7.974455133322074
3,1,49.0,35.0,35.0,45.0,50.0,37.0,57.0,39.0,44.0,40.0,43.0,44.0,37.0,41.0,40.0,57.0,47.0,38.0,39.0,37.0,42.0,52.0,40.0,49.0,40.0,56.0,39.0,42.0,41.0,51.0,43.0,38.0,41.0,45.0,39.0,40.0,42.0,47.0,36.0,47.0,38.0,34.0,37.0,43.0,49.0,37.0,43.0,44.0,34.0,40.0,38.0,47.0,55.0,46.0,49.0,46.0,51.0,53.0,35.0,47.0,47.0,45.0,38.0,50.0,43.0,44.0,40.0,48.0,51.0,41.0,45.0,47.0,52.0,48.0,45.0,48.0,45.0,41.0,39.0,46.0,39.0,39.0,44.0,46.0,43.0,44.0,35.0,49.0,42.0,43.0,38.0,43.0,41.0,47.0,54.0,41.0,41.0,42.0,46.0,45.0,46.0,41.0,41.0,46.0,40.0,51.0,42.0,44.0,49.0,39.0,39.0,41.0,33.0,55.0,58.0,47.0,34.0,46.0,32.0,38.0,50.0,48.0,53.0,35.0,47.0,42.0,43.0,48.0,40.0,47.0,38.0,54.0,40.0,46.0,39.0,39.0,46.0,40.0,57.0,49.0,48.0,45.0,45.0,49.0,40.0,44.0,43.0,57.0,46.0,33.0,56.0,50.0,50.0,34.0,34.0,39.0,41.0,37.0,36.0,49.0,48.0,45.0,43.0,41.0,46.0,49.0,49.0,46.0,39.0,37.0,46.0,49.0,38.0,36.0,47.0,38.0,38.0,39.0,50.0,43.0,45.0,46.0,37.0,40.0,41.0,40.0,37.0,41.0,38.0,46.0,37.0,43.0,51.0,45.0,46.0,46.0,45.0,35.0,40.0,40.0,46.0,43.485,5.560067151902782
3,2,14.0,8.0,8.0,14.0,9.0,10.0,10.0,8.0,10.0,11.0,12.0,14.0,9.0,9.0,7.0,10.0,8.0,8.0,8.0,13.0,9.0,9.0,6.0,7.0,6.0,11.0,9.0,8.0,10.0,9.0,8.0,8.0,14.0,6.0,4.0,9.0,7.0,7.0,7.0,14.0,10.0,10.0,10.0,6.0,8.0,10.0,9.0,9.0,6.0,9.0,9.0,9.0,10.0,9.0,10.0,11.0,5.0,7.0,8.0,14.0,11.0,5.0,16.0,9.0,8.0,5.0,7.0,6.0,6.0,7.0,16.0,8.0,10.0,6.0,9.0,9.0,10.0,6.0,7.0,12.0,6.0,7.0,5.0,7.0,10.0,9.0,9.0,9.0,3.0,12.0,9.0,12.0,10.0,12.0,11.0,10.0,5.0,7.0,4.0,7.0,8.0,11.0,4.0,8.0,14.0,7.0,9.0,8.0,10.0,7.0,6.0,9.0,8.0,8.0,10.0,7.0,6.0,7.0,11.0,4.0,8.0,10.0,5.0,7.0,6.0,9.0,12.0,8.0,8.0,6.0,8.0,9.0,9.0,9.0,11.0,6.0,10.0,11.0,11.0,13.0,7.0,11.0,9.0,12.0,11.0,11.0,7.0,5.0,7.0,9.0,9.0,6.0,12.0,3.0,8.0,5.0,11.0,10.0,13.0,7.0,8.0,3.0,10.0,5.0,8.0,9.0,13.0,8.0,11.0,11.0,11.0,8.0,4.0,4.0,6.0,10.0,10.0,9.0,4.0,12.0,10.0,14.0,4.0,10.0,7.0,7.0,7.0,15.0,8.0,8.0,11.0,9.0,9.0,8.0,7.0,15.0,10.0,7.0,9.0,7.0,10.0,8.685,2.572716336235629
3,3,2.0,4.0,1.0,2.0,2.0,2.0,3.0,0.0,1.0,0.0,2.0,0.0,1.0,1.0,2.0,0.0,1.0,1.0,2.0,0.0,0.0,3.0,1.0,1.0,1.0,1.0,0.0,3.0,0.0,2.0,0.0,1.0,1.0,1.0,0.0,0.0,1.0,1.0,1.0,0.0,0.0,1.0,0.0,0.0,1.0,1.0,0.0,0.0,1.0,0.0,2.0,1.0,0.0,0.0,1.0,2.0,1.0,1.0,0.0,0.0,2.0,1.0,0.0,1.0,0.0,2.0,3.0,1.0,0.0,1.0,1.0,3.0,0.0,1.0,0.0,0.0,0.0,1.0,1.0,0.0,2.0,2.0,0.0,3.0,1.0,0.0,1.0,0.0,2.0,2.0,2.0,2.0,0.0,0.0,0.0,0.0,1.0,1.0,1.0,4.0,0.0,0.0,0.0,1.0,0.0,0.0,1.0,0.0,2.0,1.0,1.0,0.0,5.0,0.0,0.0,0.0,1.0,2.0,0.0,1.0,0.0,0.0,0.0,0.0,0.0,0.0,2.0,3.0,1.0,1.0,0.0,0.0,1.0,1.0,2.0,2.0,0.0,1.0,0.0,0.0,1.0,2.0,0.0,1.0,2.0,0.0,1.0,1.0,1.0,1.0,1.0,0.0,2.0,0.0,1.0,1.0,0.0,1.0,2.0,1.0,2.0,1.0,1.0,2.0,2.0,1.0,0.0,1.0,3.0,1.0,1.0,3.0,0.0,2.0,2.0,1.0,2.0,0.0,1.0,0.0,2.0,0.0,1.0,2.0,0.0,1.0,2.0,1.0,1.0,1.0,0.0,1.0,0.0,2.0,3.0,1.0,1.0,0.0,0.0,0.0,0.0,0.95,0.9654847507962517
4,0,97.0,89.0,93.0,95.0,87.0,99.0,92.0,98.0,92.0,96.0,94.0,90.0,100.0,82.0,90.0,94.0,92.0,85.0,81.0,86.0,88.0,106.0,92.0,91.0,93.0,91.0,90.0,89.0,77.0,93.0,99.0,101.0,92.0,93.0,84.0,84.0,93.0,97.0,84.0,87.0,94.0,96.0,90.0,82.0,89.0,93.0,86.0,87.0,87.0,85.0,89.0,93.0,90.0,103.0,94.0,87.0,103.0,79.0,104.0,87.0,80.0,105.0,102.0,85.0,92.0,89.0,89.0,91.0,89.0,97.0,81.0,86.0,86.0,94.0,94.0,90.0,95.0,81.0,98.0,97.0,88.0,92.0,113.0,89.0,95.0,97.0,96.0,93.0,102.0,85.0,93.0,99.0,90.0,84.0,86.0,93.0,95.0,99.0,97.0,87.0,89.0,89.0,88.0,90.0,76.0,93.0,82.0,95.0,99.0,95.0,86.0,98.0,93.0,87.0,84.0,80.0,95.0,83.0,81.0,79.0,98.0,87.0,82.0,96.0,97.0,89.0,90.0,94.0,92.0,88.0,98.0,78.0,87.0,99.0,96.0,90.0,82.0,91.0,90.0,93.0,89.0,101.0,91.0,93.0,88.0,91.0,94.0,93.0,94.0,89.0,83.0,83.0,86.0,87.0,103.0,87.0,91.0,101.0,88.0,94.0,95.0,103.0,87.0,90.0,92.0,95.0,99.0,93.0,86.0,82.0,79.0,80.0,87.0,91.0,89.0,87.0,82.0,89.0,99.0,83.0,85.0,84.0,91.0,89.0,101.0,98.0,101.0,79.0,94.0,88.0,100.0,82.0,89.0,84.0,81.0,96.0,95.0,77.0,106.0,92.0,92.0,90.84,6.541279821911207
4,1,27.0,40.0,35.0,33.0,29.0,37.0,27.0,37.0,29.0,36.0,34.0,30.0,29.0,27.0,38.0,30.0,33.0,38.0,39.0,37.0,40.0,32.0,34.0,30.0,38.0,35.0,31.0,48.0,27.0,34.0,35.0,33.0,26.0,35.0,33.0,35.0,41.0,34.0,31.0,30.0,43.0,33.0,31.0,33.0,26.0,40.0,29.0,28.0,36.0,43.0,29.0,36.0,30.0,35.0,29.0,41.0,28.0,31.0,36.0,29.0,30.0,29.0,43.0,26.0,38.0,33.0,33.0,37.0,30.0,39.0,36.0,36.0,33.0,35.0,31.0,40.0,38.0,39.0,33.0,31.0,43.0,32.0,40.0,45.0,37.0,33.0,33.0,30.0,31.0,26.0,28.0,33.0,36.0,34.0,40.0,37.0,37.0,31.0,29.0,36.0,40.0,33.0,36.0,26.0,36.0,32.0,33.0,34.0,34.0,32.0,47.0,33.0,30.0,37.0,24.0,36.0,42.0,37.0,37.0,37.0,34.0,32.0,35.0,38.0,33.0,38.0,33.0,37.0,32.0,35.0,31.0,34.0,31.0,25.0,33.0,32.0,37.0,35.0,30.0,31.0,31.0,36.0,38.0,32.0,25.0,28.0,27.0,29.0,26.0,41.0,41.0,34.0,29.0,39.0,37.0,36.0,30.0,29.0,33.0,32.0,34.0,30.0,29.0,33.0,38.0,28.0,30.0,32.0,36.0,32.0,31.0,32.0,36.0,36.0,42.0,41.0,42.0,36.0,25.0,36.0,37.0,46.0,31.0,40.0,38.0,42.0,32.0,31.0,24.0,31.0,38.0,39.0,30.0,33.0,32.0,33.0,30.0,40.0,35.0,39.0,30.0,33.96,4.66445987544627
4,2,5.0,8.0,8.0,7.0,9.0,7.0,9.0,9.0,8.0,13.0,7.0,8.0,7.0,6.0,9.0,7.0,2.0,7.0,5.0,5.0,9.0,4.0,10.0,6.0,11.0,8.0,7.0,5.0,11.0,7.0,11.0,8.0,8.0,8.0,6.0,7.0,4.0,9.0,11.0,7.0,6.0,15.0,8.0,6.0,6.0,5.0,8.0,10.0,7.0,5.0,5.0,9.0,10.0,9.0,9.0,5.0,7.0,10.0,8.0,8.0,11.0,6.0,6.0,3.0,7.0,9.0,5.0,7.0,8.0,8.0,9.0,9.0,8.0,5.0,8.0,9.0,5.0,8.0,7.0,9.0,7.0,10.0,8.0,8.0,10.0,8.0,6.0,13.0,9.0,6.0,7.0,7.0,6.0,4.0,6.0,4.0,11.0,11.0,10.0,16.0,10.0,7.0,16.0,8.0,10.0,7.0,12.0,5.0,5.0,10.0,11.0,9.0,5.0,8.0,9.0,3.0,12.0,7.0,5.0,8.0,7.0,9.0,9.0,7.0,8.0,10.0,8.0,8.0,9.0,7.0,9.0,4.0,10.0,5.0,14.0,10.0,7.0,3.0,8.0,9.0,6.0,8.0,5.0,11.0,11.0,6.0,13.0,11.0,9.0,4.0,9.0,4.0,7.0,8.0,9.0,9.0,7.0,9.0,10.0,10.0,12.0,6.0,9.0,5.0,7.0,10.0,6.0,11.0,8.0,9.0,10.0,6.0,11.0,6.0,6.0,10.0,9.0,12.0,10.0,5.0,4.0,8.0,4.0,7.0,6.0,11.0,3.0,7.0,9.0,3.0,9.0,5.0,6.0,9.0,5.0,9.0,8.0,8.0,8.0,12.0,7.0,7.89,2.4572526228007776
4,3,3.0,0.0,1.0,2.0,2.0,0.0,2.0,0.0,0.0,1.0,0.0,2.0,0.0,1.0,0.0,0.0,0.0,4.0,0.0,0.0,1.0,2.0,2.0,2.0,1.0,1.0,2.0,0.0,2.0,0.0,1.0,2.0,0.0,2.0,0.0,1.0,3.0,0.0,2.0,0.0,2.0,0.0,1.0,2.0,1.0,1.0,0.0,6.0,4.0,3.0,0.0,1.0,0.0,0.0,1.0,0.0,0.0,1.0,1.0,1.0,1.0,0.0,2.0,1.0,1.0,2.0,1.0,2.0,1.0,2.0,0.0,2.0,3.0,5.0,1.0,2.0,0.0,1.0,2.0,2.0,0.0,0.0,0.0,0.0,3.0,2.0,0.0,1.0,1.0,3.0,0.0,1.0,1.0,2.0,1.0,0.0,1.0,2.0,0.0,2.0,1.0,3.0,1.0,3.0,1.0,3.0,4.0,1.0,2.0,0.0,1.0,0.0,2.0,2.0,2.0,2.0,1.0,2.0,3.0,1.0,1.0,0.0,3.0,3.0,1.0,0.0,1.0,1.0,2.0,1.0,0.0,2.0,1.0,2.0,0.0,1.0,1.0,2.0,0.0,1.0,1.0,2.0,2.0,0.0,0.0,0.0,0.0,0.0,2.0,1.0,0.0,2.0,0.0,1.0,0.0,0.0,1.0,2.0,0.0,2.0,1.0,1.0,1.0,1.0,1.0,2.0,1.0,1.0,1.0,0.0,0.0,2.0,2.0,1.0,1.0,1.0,1.0,2.0,0.0,3.0,2.0,1.0,0.0,1.0,2.0,2.0,2.0,1.0,0.0,1.0,0.0,1.0,0.0,2.0,2.0,1.0,2.0,2.0,1.0,0.0,1.0,1.18,1.0598188903779793
5,0,52.0,50.0,59.0,53.0,55.0,57.0,60.0,62.0,70.0,50.0,52.0,52.0,52.0,59.0,65.0,55.0,71.0,62.0,66.0,64.0,61.0,51.0,58.0,60.0,56.0,55.0,63.0,53.0,56.0,53.0,40.0,57.0,59.0,48.0,57.0,59.0,60.0,64.0,52.0,51.0,55.0,52.0,59.0,59.0,61.0,45.0,57.0,55.0,63.0,54.0,49.0,65.0,54.0,53.0,52.0,48.0,45.0,61.0,62.0,53.0,64.0,50.0,54.0,68.0,47.0,54.0,63.0,59.0,58.0,51.0,57.0,49.0,53.0,64.0,67.0,62.0,49.0,60.0,60.0,55.0,62.0,59.0,53.0,61.0,53.0,55.0,57.0,48.0,52.0,67.0,59.0,46.0,53.0,60.0,47.0,56.0,59.0,54.0,54.0,64.0,57.0,61.0,61.0,66.0,64.0,51.0,51.0,61.0,50.0,60.0,60.0,56.0,61.0,61.0,62.0,62.0,59.0,70.0,66.0,56.0,52.0,47.0,63.0,65.0,56.0,60.0,57.0,60.0,60.0,50.0,53.0,61.0,66.0,54.0,61.0,68.0,55.0,62.0,57.0,56.0,61.0,54.0,67.0,61.0,54.0,63.0,64.0,54.0,61.0,59.0,66.0,66.0,53.0,66.0,58.0,54.0,64.0,58.0,57.0,59.0,58.0,54.0,59.0,53.0,68.0,54.0,53.0,52.0,61.0,58.0,50.0,61.0,58.0,60.0,53.0,61.0,57.0,56.0,60.0,50.0,64.0,63.0,64.0,60.0,53.0,44.0,59.0,64.0,56.0,54.0,66.0,53.0,66.0,51.0,65.0,46.0,66.0,57.0,54.0,67.0,48.0,57.525,5.823136577308657
5,1,28.0,24.0,27.0,27.0,28.0,26.0,28.0,30.0,27.0,27.0,25.0,33.0,32.0,34.0,24.0,24.0,25.0,32.0,28.0,35.0,23.0,35.0,23.0,28.0,22.0,22.0,34.0,39.0,36.0,30.0,25.0,30.0,29.0,23.0,24.0,28.0,25.0,27.0,40.0,27.0,23.0,27.0,17.0,28.0,33.0,29.0,30.0,26.0,19.0,32.0,29.0,30.0,30.0,23.0,32.0,32.0,30.0,26.0,32.0,37.0,28.0,26.0,27.0,29.0,28.0,24.0,27.0,31.0,29.0,23.0,26.0,19.0,25.0,29.0,21.0,29.0,29.0,28.0,26.0,24.0,25.0,30.0,24.0,22.0,29.0,34.0,29.0,29.0,29.0,28.0,29.0,30.0,32.0,23.0,30.0,32.0,27.0,26.0,29.0,25.0,26.0,30.0,25.0,25.0,27.0,30.0,33.0,29.0,27.0,29.0,21.0,25.0,28.0,26.0,25.0,25.0,22.0,26.0,30.0,29.0,36.0,28.0,30.0,32.0,33.0,25.0,28.0,27.0,25.0,26.0,31.0,27.0,21.0,32.0,34.0,31.0,30.0,21.0,23.0,28.0,33.0,19.0,30.0,19.0,34.0,26.0,28.0,29.0,27.0,29.0,19.0,26.0,30.0,27.0,31.0,28.0,29.0,30.0,26.0,29.0,26.0,23.0,31.0,36.0,20.0,21.0,27.0,28.0,28.0,36.0,31.0,28.0,30.0,28.0,36.0,26.0,31.0,25.0,28.0,32.0,20.0,26.0,29.0,25.0,19.0,33.0,26.0,31.0,26.0,26.0,31.0,31.0,22.0,29.0,24.0,25.0,33.0,31.0,23.0,30.0,28.0,27.775,4.056680698731081
5,2,13.0,4.0,2.0,6.0,6.0,6.0,6.0,7.0,4.0,7.0,6.0,5.0,9.0,8.0,5.0,2.0,7.0,5.0,5.0,2.0,8.0,7.0,3.0,6.0,9.0,10.0,6.0,5.0,5.0,7.0,6.0,4.0,4.0,6.0,6.0,4.0,2.0,7.0,7.0,7.0,6.0,6.0,10.0,6.0,5.0,3.0,9.0,7.0,9.0,4.0,6.0,4.0,1.0,4.0,10.0,6.0,5.0,8.0,5.0,4.0,9.0,8.0,3.0,7.0,4.0,8.0,8.0,7.0,6.0,3.0,10.0,6.0,3.0,5.0,7.0,3.0,6.0,7.0,12.0,3.0,6.0,6.0,5.0,2.0,2.0,6.0,8.0,4.0,4.0,6.0,7.0,2.0,7.0,5.0,1.0,5.0,4.0,9.0,8.0,5.0,4.0,8.0,4.0,7.0,4.0,7.0,4.0,8.0,7.0,10.0,7.0,6.0,10.0,4.0,9.0,6.0,3.0,4.0,7.0,3.0,6.0,5.0,8.0,6.0,10.0,6.0,8.0,4.0,5.0,7.0,6.0,9.0,6.0,11.0,6.0,3.0,3.0,7.0,6.0,3.0,6.0,9.0,6.0,6.0,6.0,8.0,6.0,4.0,8.0,5.0,6.0,6.0,9.0,8.0,5.0,8.0,4.0,1.0,7.0,4.0,4.0,8.0,3.0,4.0,9.0,6.0,1.0,4.0,6.0,4.0,5.0,9.0,8.0,10.0,7.0,5.0,6.0,4.0,10.0,6.0,8.0,7.0,12.0,12.0,6.0,1.0,7.0,6.0,5.0,6.0,8.0,2.0,14.0,5.0,3.0,3.0,4.0,3.0,6.0,4.0,3.0,5.895,2.3519424240038584
5,3,0.0,0.0,2.0,0.0,1.0,0.0,1.0,0.0,3.0,2.0,2.0,3.0,1.0,1.0,2.0,0.0,2.0,2.0,1.0,1.0,4.0,2.0,1.0,3.0,1.0,2.0,0.0,0.0,0.0,0.0,2.0,2.0,2.0,2.0,2.0,1.0,2.0,0.0,3.0,0.0,1.0,0.0,1.0,2.0,1.0,4.0,2.0,2.0,0.0,0.0,2.0,3.0,1.0,1.0,2.0,3.0,2.0,0.0,0.0,0.0,2.0,2.0,1.0,1.0,3.0,2.0,2.0,0.0,2.0,2.0,1.0,3.0,1.0,1.0,1.0,0.0,0.0,1.0,1.0,1.0,1.0,2.0,3.0,0.0,2.0,1.0,1.0,0.0,1.0,1.0,1.0,0.0,1.0,0.0,2.0,1.0,2.0,0.0,1.0,1.0,2.0,1.0,4.0,0.0,2.0,1.0,1.0,2.0,1.0,1.0,1.0,2.0,1.0,1.0,1.0,2.0,2.0,2.0,0.0,1.0,2.0,0.0,2.0,4.0,3.0,0.0,2.0,2.0,0.0,1.0,2.0,2.0,0.0,0.0,1.0,2.0,2.0,2.0,3.0,5.0,2.0,1.0,1.0,1.0,1.0,1.0,2.0,1.0,1.0,3.0,0.0,5.0,1.0,1.0,1.0,1.0,2.0,3.0,0.0,3.0,2.0,1.0,0.0,1.0,1.0,2.0,3.0,0.0,2.0,2.0,0.0,2.0,1.0,2.0,2.0,0.0,3.0,1.0,0.0,0.0,0.0,0.0,2.0,2.0,2.0,1.0,0.0,0.0,1.0,2.0,0.0,0.0,1.0,1.0,1.0,2.0,2.0,3.0,0.0,2.0,2.0,1.355,1.0557214304415097
6,0,36.0,41.0,33.0,44.0,38.0,34.0,38.0,29.0,35.0,40.0,35.0,39.0,42.0,35.0,38.0,44.0,36.0,41.0,44.0,39.0,39.0,31.0,40.0,38.0,47.0,41.0,36.0,35.0,53.0,39.0,44.0,37.0,31.0,47.0,47.0,41.0,36.0,39.0,37.0,48.0,45.0,37.0,42.0,42.0,31.0,43.0,34.0,38.0,35.0,35.0,44.0,40.0,40.0,36.0,47.0,37.0,40.0,27.0,41.0,37.0,38.0,40.0,37.0,35.0,39.0,41.0,38.0,34.0,37.0,49.0,45.0,36.0,40.0,38.0,36.0,41.0,41.0,40.0,39.0,32.0,35.0,34.0,40.0,35.0,43.0,35.0,36.0,32.0,39.0,38.0,34.0,37.0,45.0,39.0,36.0,41.0,34.0,46.0,34.0,26.0,37.0,41.0,45.0,38.0,35.0,41.0,41.0,42.0,35.0,37.0,41.0,36.0,33.0,39.0,38.0,29.0,42.0,42.0,35.0,31.0,45.0,38.0,40.0,29.0,39.0,40.0,37.0,41.0,32.0,36.0,40.0,30.0,43.0,36.0,36.0,31.0,41.0,40.0,38.0,34.0,36.0,31.0,38.0,44.0,47.0,41.0,34.0,46.0,35.0,32.0,33.0,40.0,32.0,38.0,40.0,47.0,38.0,37.0,39.0,21.0,43.0,29.0,45.0,43.0,34.0,36.0,40.0,42.0,37.0,38.0,37.0,50.0,39.0,41.0,38.0,42.0,42.0,37.0,37.0,48.0,32.0,42.0,38.0,37.0,34.0,49.0,41.0,38.0,46.0,40.0,31.0,40.0,30.0,35.0,40.0,35.0,29.0,44.0,42.0,44.0,41.0,38.38,4.868687770130169
6,1,23.0,30.0,26.0,26.0,31.0,27.0,27.0,21.0,26.0,20.0,30.0,24.0,26.0,31.0,22.0,28.0,28.0,18.0,24.0,23.0,22.0,23.0,24.0,21.0,22.0,28.0,20.0,20.0,28.0,35.0,32.0,30.0,31.0,25.0,33.0,22.0,23.0,28.0,21.0,28.0,27.0,29.0,27.0,25.0,23.0,26.0,20.0,28.0,25.0,23.0,30.0,22.0,20.0,21.0,16.0,17.0,21.0,32.0,22.0,21.0,25.0,26.0,29.0,27.0,33.0,25.0,22.0,21.0,21.0,21.0,23.0,22.0,28.0,28.0,30.0,23.0,28.0,26.0,32.0,24.0,24.0,27.0,19.0,29.0,20.0,27.0,23.0,26.0,29.0,23.0,26.0,33.0,26.0,28.0,29.0,21.0,19.0,27.0,22.0,18.0,26.0,26.0,26.0,21.0,25.0,23.0,27.0,25.0,22.0,33.0,38.0,28.0,24.0,23.0,31.0,35.0,32.0,19.0,30.0,23.0,17.0,31.0,19.0,25.0,21.0,22.0,23.0,26.0,25.0,28.0,25.0,22.0,30.0,24.0,27.0,26.0,19.0,32.0,20.0,34.0,24.0,24.0,25.0,15.0,17.0,27.0,24.0,20.0,26.0,32.0,32.0,28.0,34.0,19.0,33.0,21.0,32.0,27.0,22.0,20.0,29.0,29.0,21.0,27.0,23.0,33.0,30.0,29.0,18.0,21.0,26.0,20.0,25.0,15.0,22.0,30.0,27.0,32.0,23.0,33.0,26.0,23.0,17.0,23.0,33.0,23.0,24.0,22.0,28.0,25.0,27.0,23.0,31.0,28.0,25.0,37.0,25.0,22.0,18.0,22.0,28.0,25.335,4.530496883350683
6,2,6.0,6.0,13.0,6.0,4.0,9.0,6.0,9.0,4.0,5.0,9.0,5.0,3.0,5.0,7.0,7.0,5.0,4.0,5.0,5.0,7.0,7.0,9.0,9.0,4.0,4.0,5.0,3.0,6.0,12.0,1.0,3.0,7.0,6.0,6.0,11.0,10.0,4.0,5.0,7.0,6.0,7.0,7.0,7.0,9.0,2.0,10.0,5.0,6.0,7.0,5.0,8.0,12.0,8.0,6.0,8.0,8.0,10.0,5.0,6.0,6.0,5.0,6.0,7.0,8.0,9.0,7.0,6.0,8.0,7.0,5.0,11.0,11.0,6.0,5.0,7.0,6.0,14.0,3.0,13.0,6.0,6.0,10.0,11.0,8.0,4.0,8.0,9.0,7.0,12.0,9.0,9.0,7.0,9.0,7.0,5.0,3.0,7.0,7.0,6.0,9.0,6.0,10.0,11.0,6.0,6.0,7.0,5.0,7.0,8.0,5.0,7.0,7.0,8.0,5.0,7.0,8.0,7.0,8.0,10.0,7.0,7.0,3.0,5.0,7.0,9.0,5.0,5.0,10.0,2.0,4.0,12.0,10.0,7.0,8.0,7.0,7.0,6.0,6.0,5.0,5.0,10.0,4.0,6.0,7.0,7.0,3.0,10.0,5.0,5.0,7.0,4.0,4.0,4.0,8.0,2.0,8.0,10.0,14.0,5.0,6.0,10.0,6.0,8.0,4.0,13.0,8.0,2.0,7.0,3.0,7.0,5.0,10.0,7.0,2.0,7.0,10.0,4.0,4.0,4.0,5.0,9.0,7.0,9.0,8.0,13.0,6.0,8.0,10.0,6.0,4.0,7.0,5.0,4.0,5.0,6.0,8.0,8.0,13.0,4.0,4.0,6.84,2.5429773235995854
6,3,0.0,0.0,1.0,2.0,2.0,2.0,3.0,2.0,0.0,0.0,1.0,1.0,1.0,1.0,5.0,3.0,3.0,1.0,3.0,5.0,2.0,1.0,0.0,4.0,3.0,1.0,2.0,1.0,3.0,3.0,2.0,1.0,5.0,0.0,4.0,3.0,2.0,1.0,1.0,1.0,0.0,2.0,2.0,1.0,2.0,2.0,0.0,2.0,3.0,1.0,1.0,2.0,3.0,2.0,3.0,2.0,1.0,2.0,3.0,3.0,2.0,2.0,3.0,1.0,4.0,3.0,1.0,2.0,1.0,2.0,1.0,3.0,1.0,0.0,3.0,3.0,0.0,1.0,1.0,2.0,3.0,1.0,4.0,1.0,5.0,4.0,1.0,2.0,6.0,0.0,5.0,4.0,2.0,1.0,1.0,2.0,3.0,1.0,2.0,2.0,0.0,3.0,1.0,1.0,4.0,1.0,0.0,1.0,8.0,2.0,2.0,0.0,1.0,2.0,1.0,1.0,1.0,1.0,3.0,3.0,1.0,5.0,0.0,2.0,0.0,4.0,1.0,0.0,1.0,2.0,2.0,1.0,1.0,5.0,1.0,1.0,3.0,1.0,1.0,2.0,2.0,2.0,4.0,1.0,4.0,2.0,1.0,2.0,2.0,2.0,3.0,2.0,1.0,1.0,1.0,4.0,0.0,3.0,1.0,3.0,0.0,3.0,2.0,3.0,1.0,1.0,3.0,5.0,3.0,1.0,0.0,3.0,2.0,0.0,1.0,0.0,1.0,0.0,3.0,1.0,1.0,1.0,2.0,0.0,1.0,3.0,1.0,1.0,0.0,0.0,0.0,4.0,1.0,5.0,2.0,2.0,2.0,2.0,1.0,2.0,1.0,1.875,1.388891680622543
7,0,37.0,33.0,37.0,26.0,28.0,28.0,22.0,30.0,29.0,36.0,29.0,29.0,27.0,31.0,29.0,24.0,29.0,31.0,29.0,35.0,29.0,32.0,37.0,33.0,31.0,29.0,30.0,31.0,25.0,31.0,30.0,22.0,25.0,31.0,23.0,23.0,34.0,27.0,30.0,31.0,33.0,26.0,34.0,28.0,37.0,31.0,33.0,35.0,29.0,42.0,31.0,29.0,33.0,25.0,24.0,35.0,24.0,31.0,22.0,30.0,32.0,29.0,27.0,29.0,33.0,33.0,36.0,31.0,25.0,30.0,31.0,32.0,30.0,29.0,30.0,25.0,28.0,37.0,23.0,30.0,40.0,34.0,32.0,30.0,37.0,31.0,34.0,40.0,26.0,30.0,28.0,25.0,28.0,24.0,30.0,27.0,30.0,27.0,35.0,34.0,31.0,30.0,24.0,30.0,27.0,32.0,28.0,28.0,28.0,31.0,28.0,31.0,33.0,30.0,40.0,33.0,29.0,28.0,37.0,34.0,25.0,31.0,32.0,22.0,27.0,29.0,32.0,34.0,29.0,37.0,37.0,27.0,28.0,30.0,31.0,34.0,27.0,27.0,34.0,31.0,29.0,31.0,33.0,22.0,28.0,24.0,29.0,30.0,26.0,21.0,22.0,30.0,34.0,22.0,25.0,34.0,25.0,20.0,38.0,35.0,30.0,26.0,27.0,35.0,24.0,30.0,34.0,31.0,32.0,35.0,31.0,30.0,20.0,36.0,33.0,26.0,18.0,41.0,33.0,21.0,29.0,26.0,22.0,34.0,23.0,21.0,28.0,33.0,22.0,27.0,34.0,35.0,27.0,30.0,23.0,30.0,26.0,32.0,34.0,26.0,30.0,29.695,4.453215765406651
7,1,21.0,19.0,16.0,21.0,26.0,22.0,26.0,18.0,21.0,16.0,21.0,22.0,26.0,19.0,18.0,20.0,16.0,23.0,28.0,22.0,23.0,25.0,17.0,38.0,26.0,21.0,24.0,20.0,23.0,19.0,21.0,28.0,26.0,26.0,19.0,22.0,24.0,24.0,26.0,16.0,18.0,28.0,24.0,22.0,25.0,19.0,22.0,34.0,30.0,19.0,19.0,24.0,20.0,30.0,22.0,25.0,22.0,24.0,16.0,27.0,19.0,24.0,20.0,21.0,26.0,19.0,23.0,25.0,20.0,20.0,22.0,32.0,24.0,23.0,33.0,30.0,18.0,28.0,27.0,29.0,26.0,25.0,20.0,21.0,16.0,31.0,17.0,26.0,26.0,19.0,21.0,23.0,18.0,27.0,21.0,25.0,35.0,18.0,22.0,27.0,22.0,20.0,24.0,31.0,20.0,23.0,24.0,19.0,20.0,23.0,18.0,28.0,23.0,19.0,24.0,22.0,19.0,19.0,18.0,22.0,20.0,21.0,29.0,25.0,24.0,23.0,18.0,22.0,25.0,26.0,23.0,26.0,19.0,24.0,22.0,22.0,31.0,24.0,23.0,22.0,27.0,27.0,14.0,32.0,27.0,27.0,31.0,23.0,29.0,27.0,19.0,20.0,28.0,27.0,20.0,23.0,23.0,20.0,17.0,33.0,21.0,27.0,18.0,21.0,22.0,23.0,23.0,25.0,22.0,20.0,19.0,22.0,22.0,23.0,17.0,20.0,23.0,25.0,29.0,27.0,30.0,17.0,30.0,15.0,25.0,26.0,23.0,23.0,29.0,26.0,22.0,23.0,24.0,25.0,26.0,22.0,18.0,24.0,23.0,25.0,21.0,23.16,4.173907945521612
7,2,8.0,10.0,8.0,7.0,7.0,8.0,8.0,9.0,6.0,8.0,11.0,11.0,4.0,7.0,2.0,8.0,9.0,7.0,7.0,5.0,6.0,11.0,4.0,4.0,8.0,9.0,5.0,9.0,4.0,5.0,9.0,4.0,6.0,3.0,7.0,8.0,6.0,8.0,4.0,9.0,4.0,5.0,9.0,9.0,5.0,13.0,7.0,7.0,11.0,8.0,8.0,7.0,6.0,8.0,6.0,5.0,9.0,5.0,5.0,6.0,6.0,11.0,4.0,6.0,4.0,6.0,5.0,5.0,6.0,5.0,10.0,5.0,5.0,4.0,11.0,5.0,8.0,9.0,2.0,5.0,6.0,5.0,11.0,6.0,6.0,5.0,6.0,6.0,6.0,5.0,6.0,7.0,6.0,12.0,8.0,9.0,6.0,6.0,8.0,9.0,6.0,9.0,6.0,8.0,10.0,8.0,6.0,5.0,8.0,4.0,8.0,7.0,5.0,6.0,9.0,7.0,6.0,9.0,16.0,10.0,5.0,7.0,5.0,5.0,10.0,6.0,9.0,5.0,5.0,11.0,6.0,6.0,6.0,10.0,5.0,7.0,5.0,8.0,6.0,5.0,6.0,5.0,8.0,9.0,4.0,7.0,6.0,3.0,12.0,6.0,12.0,6.0,4.0,8.0,8.0,6.0,6.0,6.0,9.0,10.0,2.0,5.0,8.0,7.0,6.0,6.0,7.0,4.0,10.0,4.0,9.0,8.0,4.0,9.0,10.0,6.0,3.0,5.0,6.0,9.0,4.0,3.0,3.0,6.0,7.0,5.0,3.0,13.0,7.0,6.0,7.0,9.0,8.0,1.0,7.0,9.0,7.0,7.0,5.0,7.0,10.0,6.815,2.342694192676886
7,3,5.0,2.0,0.0,3.0,2.0,1.0,3.0,2.0,1.0,1.0,2.0,1.0,0.0,3.0,0.0,0.0,2.0,4.0,1.0,2.0,4.0,2.0,2.0,1.0,2.0,3.0,2.0,3.0,2.0,0.0,0.0,4.0,1.0,3.0,3.0,5.0,3.0,1.0,4.0,3.0,2.0,0.0,1.0,0.0,4.0,4.0,3.0,1.0,2.0,1.0,1.0,0.0,2.0,1.0,2.0,1.0,3.0,2.0,1.0,1.0,2.0,4.0,1.0,1.0,2.0,0.0,2.0,1.0,2.0,1.0,3.0,3.0,1.0,2.0,1.0,1.0,3.0,3.0,3.0,0.0,1.0,3.0,2.0,1.0,3.0,2.0,4.0,0.0,0.0,0.0,1.0,3.0,3.0,1.0,3.0,1.0,1.0,0.0,2.0,2.0,0.0,0.0,2.0,1.0,2.0,3.0,2.0,2.0,2.0,4.0,3.0,1.0,1.0,2.0,1.0,1.0,2.0,2.0,0.0,5.0,3.0,2.0,2.0,0.0,5.0,1.0,5.0,2.0,1.0,3.0,4.0,3.0,3.0,1.0,1.0,1.0,1.0,1.0,4.0,1.0,5.0,2.0,2.0,1.0,1.0,1.0,1.0,1.0,2.0,3.0,2.0,1.0,1.0,2.0,2.0,1.0,1.0,2.0,1.0,1.0,0.0,2.0,2.0,4.0,4.0,1.0,2.0,2.0,4.0,4.0,1.0,0.0,5.0,4.0,3.0,1.0,3.0,1.0,2.0,4.0,0.0,2.0,4.0,0.0,2.0,1.0,2.0,2.0,1.0,2.0,3.0,1.0,1.0,0.0,1.0,5.0,3.0,4.0,2.0,2.0,3.0,1.91,1.2845819373511558
8,0,19.0,19.0,21.0,18.0,21.0,19.0,12.0,20.0,17.0,18.0,14.0,23.0,27.0,17.0,21.0,25.0,24.0,21.0,14.0,19.0,21.0,20.0,16.0,14.0,16.0,16.0,21.0,18.0,19.0,23.0,19.0,24.0,23.0,25.0,25.0,21.0,13.0,18.0,23.0,20.0,19.0,21.0,19.0,18.0,20.0,23.0,19.0,18.0,19.0,19.0,18.0,21.0,21.0,26.0,20.0,25.0,21.0,25.0,19.0,22.0,19.0,18.0,21.0,23.0,14.0,20.0,21.0,21.0,21.0,22.0,16.0,18.0,25.0,17.0,18.0,24.0,17.0,16.0,23.0,23.0,16.0,19.0,20.0,17.0,17.0,21.0,18.0,26.0,21.0,18.0,18.0,20.0,19.0,21.0,20.0,21.0,23.0,22.0,24.0,17.0,24.0,17.0,19.0,17.0,22.0,18.0,23.0,18.0,21.0,20.0,14.0,23.0,21.0,21.0,13.0,17.0,19.0,18.0,17.0,23.0,23.0,20.0,21.0,29.0,23.0,18.0,21.0,23.0,30.0,22.0,16.0,22.0,20.0,13.0,15.0,21.0,24.0,15.0,21.0,19.0,21.0,20.0,9.0,27.0,17.0,23.0,25.0,22.0,22.0,24.0,22.0,23.0,22.0,22.0,16.0,21.0,28.0,28.0,15.0,17.0,19.0,19.0,23.0,18.0,26.0,16.0,23.0,21.0,17.0,27.0,27.0,16.0,17.0,19.0,13.0,17.0,25.0,18.0,17.0,20.0,24.0,18.0,19.0,16.0,26.0,23.0,24.0,18.0,21.0,16.0,23.0,17.0,23.0,21.0,14.0,20.0,23.0,24.0,21.0,17.0,26.0,20.15,3.5184367245873016
8,1,20.0,17.0,14.0,27.0,15.0,16.0,20.0,20.0,26.0,24.0,15.0,16.0,15.0,17.0,18.0,17.0,13.0,14.0,18.0,20.0,16.0,14.0,21.0,17.0,18.0,21.0,22.0,12.0,16.0,20.0,21.0,17.0,17.0,21.0,20.0,23.0,26.0,19.0,15.0,21.0,25.0,16.0,15.0,17.0,18.0,18.0,19.0,17.0,19.0,18.0,17.0,18.0,18.0,20.0,19.0,12.0,24.0,6.0,18.0,20.0,17.0,18.0,19.0,20.0,13.0,21.0,22.0,13.0,23.0,21.0,12.0,19.0,17.0,15.0,15.0,11.0,19.0,13.0,17.0,14.0,16.0,17.0,22.0,26.0,13.0,14.0,26.0,14.0,13.0,25.0,16.0,14.0,21.0,16.0,15.0,14.0,13.0,12.0,14.0,20.0,12.0,21.0,15.0,12.0,16.0,21.0,16.0,22.0,19.0,15.0,18.0,22.0,18.0,20.0,18.0,20.0,18.0,25.0,8.0,21.0,17.0,15.0,18.0,26.0,14.0,19.0,19.0,19.0,17.0,13.0,16.0,17.0,17.0,18.0,17.0,16.0,18.0,18.0,19.0,19.0,16.0,13.0,19.0,16.0,16.0,18.0,13.0,19.0,12.0,17.0,17.0,19.0,17.0,23.0,17.0,17.0,18.0,22.0,15.0,11.0,13.0,20.0,23.0,17.0,17.0,22.0,17.0,19.0,13.0,15.0,20.0,15.0,21.0,13.0,23.0,17.0,21.0,13.0,15.0,14.0,15.0,20.0,17.0,20.0,13.0,16.0,26.0,19.0,15.0,19.0,16.0,23.0,14.0,23.0,21.0,13.0,15.0,14.0,16.0,16.0,23.0,17.595,3.639671833459219
8,2,5.0,6.0,10.0,5.0,6.0,7.0,11.0,7.0,5.0,10.0,6.0,6.0,11.0,6.0,5.0,11.0,5.0,6.0,13.0,8.0,6.0,4.0,10.0,7.0,7.0,7.0,5.0,8.0,8.0,7.0,7.0,6.0,10.0,8.0,6.0,5.0,6.0,7.0,11.0,11.0,5.0,12.0,9.0,5.0,13.0,5.0,5.0,9.0,8.0,8.0,9.0,5.0,8.0,4.0,7.0,6.0,9.0,16.0,12.0,6.0,6.0,4.0,6.0,5.0,6.0,8.0,4.0,7.0,8.0,4.0,5.0,4.0,5.0,8.0,6.0,5.0,7.0,10.0,8.0,5.0,9.0,8.0,5.0,7.0,8.0,6.0,6.0,7.0,8.0,5.0,6.0,5.0,5.0,7.0,5.0,9.0,9.0,9.0,12.0,7.0,7.0,5.0,9.0,11.0,7.0,8.0,3.0,10.0,7.0,3.0,8.0,3.0,7.0,4.0,5.0,8.0,5.0,5.0,9.0,2.0,7.0,6.0,6.0,6.0,5.0,11.0,3.0,7.0,4.0,9.0,10.0,7.0,12.0,2.0,4.0,7.0,4.0,10.0,8.0,11.0,8.0,6.0,6.0,9.0,12.0,12.0,6.0,5.0,7.0,6.0,4.0,5.0,7.0,9.0,8.0,9.0,7.0,14.0,8.0,5.0,8.0,9.0,10.0,7.0,7.0,5.0,6.0,6.0,7.0,9.0,6.0,9.0,6.0,9.0,4.0,10.0,8.0,11.0,11.0,8.0,10.0,10.0,12.0,10.0,10.0,4.0,15.0,7.0,8.0,8.0,3.0,8.0,5.0,6.0,12.0,6.0,12.0,7.0,11.0,6.0,6.0,7.325,2.532080599191903
8,3,2.0,1.0,2.0,2.0,4.0,2.0,4.0,0.0,2.0,3.0,3.0,2.0,4.0,0.0,3.0,3.0,4.0,0.0,0.0,2.0,3.0,3.0,2.0,2.0,3.0,3.0,5.0,3.0,1.0,3.0,2.0,6.0,0.0,4.0,1.0,3.0,2.0,4.0,5.0,4.0,1.0,3.0,1.0,4.0,2.0,4.0,0.0,2.0,2.0,3.0,3.0,3.0,0.0,1.0,1.0,3.0,4.0,3.0,0.0,2.0,1.0,3.0,3.0,1.0,2.0,2.0,1.0,5.0,3.0,3.0,1.0,0.0,1.0,4.0,2.0,1.0,3.0,1.0,1.0,4.0,3.0,1.0,2.0,5.0,2.0,4.0,5.0,1.0,1.0,4.0,0.0,4.0,5.0,2.0,4.0,2.0,1.0,4.0,1.0,3.0,1.0,1.0,4.0,3.0,3.0,2.0,3.0,1.0,2.0,1.0,3.0,0.0,2.0,6.0,2.0,2.0,1.0,4.0,1.0,1.0,2.0,2.0,1.0,4.0,1.0,0.0,2.0,1.0,5.0,3.0,1.0,3.0,2.0,1.0,5.0,2.0,3.0,1.0,5.0,3.0,0.0,5.0,3.0,2.0,2.0,1.0,7.0,3.0,2.0,2.0,4.0,0.0,0.0,2.0,0.0,2.0,2.0,1.0,1.0,4.0,4.0,2.0,4.0,3.0,1.0,2.0,5.0,2.0,1.0,3.0,1.0,4.0,0.0,1.0,3.0,2.0,4.0,0.0,3.0,3.0,2.0,1.0,0.0,6.0,4.0,3.0,3.0,3.0,1.0,2.0,3.0,4.0,2.0,3.0,1.0,3.0,3.0,2.0,2.0,0.0,0.0,2.335,1.4777325425585932
9,0,22.0,20.0,15.0,14.0,18.0,14.0,15.0,15.0,16.0,16.0,16.0,18.0,13.0,19.0,15.0,15.0,11.0,17.0,14.0,17.0,15.0,15.0,15.0,13.0,13.0,20.0,14.0,18.0,15.0,7.0,19.0,15.0,12.0,11.0,13.0,16.0,19.0,16.0,11.0,15.0,17.0,13.0,12.0,16.0,9.0,10.0,13.0,13.0,11.0,12.0,16.0,12.0,14.0,16.0,13.0,19.0,13.0,19.0,17.0,15.0,17.0,11.0,16.0,15.0,18.0,16.0,13.0,14.0,13.0,13.0,16.0,19.0,13.0,13.0,16.0,15.0,27.0,13.0,14.0,21.0,14.0,12.0,16.0,11.0,14.0,10.0,17.0,13.0,18.0,15.0,20.0,17.0,11.0,16.0,16.0,19.0,15.0,14.0,14.0,17.0,17.0,15.0,11.0,10.0,24.0,10.0,13.0,14.0,18.0,13.0,17.0,12.0,14.0,15.0,16.0,10.0,18.0,16.0,24.0,17.0,17.0,14.0,13.0,18.0,13.0,13.0,16.0,8.0,16.0,14.0,16.0,14.0,15.0,17.0,18.0,13.0,14.0,17.0,14.0,11.0,16.0,15.0,18.0,20.0,15.0,13.0,24.0,10.0,14.0,18.0,15.0,16.0,17.0,15.0,22.0,11.0,13.0,14.0,11.0,16.0,16.0,18.0,13.0,11.0,13.0,15.0,14.0,20.0,16.0,13.0,12.0,16.0,20.0,12.0,17.0,10.0,13.0,16.0,18.0,16.0,12.0,19.0,19.0,20.0,13.0,18.0,16.0,17.0,17.0,18.0,12.0,13.0,17.0,18.0,20.0,13.0,16.0,14.0,11.0,10.0,14.0,15.08,3.0561906857291614
9,1,9.0,13.0,17.0,9.0,14.0,20.0,14.0,24.0,15.0,17.0,22.0,11.0,18.0,12.0,20.0,14.0,19.0,16.0,14.0,16.0,15.0,25.0,23.0,14.0,13.0,13.0,16.0,20.0,13.0,15.0,19.0,14.0,18.0,14.0,21.0,18.0,17.0,14.0,21.0,19.0,15.0,23.0,18.0,19.0,16.0,15.0,24.0,15.0,13.0,16.0,20.0,18.0,18.0,17.0,14.0,19.0,15.0,22.0,20.0,22.0,12.0,14.0,11.0,24.0,16.0,15.0,17.0,17.0,27.0,19.0,17.0,16.0,16.0,12.0,17.0,21.0,15.0,14.0,12.0,18.0,21.0,18.0,13.0,18.0,17.0,15.0,14.0,13.0,15.0,21.0,15.0,18.0,14.0,14.0,20.0,15.0,15.0,18.0,20.0,15.0,17.0,13.0,21.0,21.0,10.0,12.0,18.0,16.0,13.0,16.0,17.0,16.0,21.0,15.0,15.0,12.0,12.0,18.0,14.0,18.0,16.0,17.0,16.0,13.0,19.0,18.0,21.0,21.0,18.0,17.0,16.0,20.0,21.0,18.0,20.0,15.0,13.0,15.0,18.0,15.0,15.0,17.0,20.0,12.0,22.0,13.0,16.0,16.0,19.0,19.0,24.0,16.0,20.0,15.0,16.0,13.0,17.0,16.0,17.0,21.0,18.0,13.0,22.0,23.0,16.0,15.0,16.0,17.0,23.0,22.0,21.0,12.0,17.0,18.0,17.0,24.0,14.0,18.0,11.0,20.0,17.0,21.0,15.0,17.0,19.0,16.0,12.0,18.0,15.0,19.0,13.0,12.0,15.0,17.0,15.0,18.0,17.0,20.0,17.0,20.0,15.0,16.88,3.2724831135764822
9,2,9.0,11.0,7.0,4.0,11.0,6.0,3.0,7.0,5.0,8.0,9.0,4.0,5.0,11.0,7.0,5.0,5.0,7.0,3.0,8.0,4.0,3.0,4.0,4.0,8.0,7.0,3.0,2.0,5.0,5.0,4.0,9.0,4.0,3.0,5.0,7.0,7.0,12.0,6.0,2.0,5.0,6.0,3.0,6.0,3.0,5.0,6.0,3.0,8.0,6.0,5.0,9.0,3.0,1.0,4.0,4.0,5.0,3.0,9.0,6.0,12.0,6.0,6.0,7.0,5.0,5.0,6.0,5.0,9.0,3.0,8.0,6.0,4.0,4.0,7.0,7.0,6.0,10.0,7.0,2.0,4.0,2.0,3.0,7.0,5.0,5.0,5.0,9.0,7.0,4.0,8.0,5.0,5.0,7.0,9.0,6.0,6.0,6.0,6.0,4.0,8.0,4.0,6.0,4.0,7.0,7.0,5.0,5.0,7.0,8.0,3.0,6.0,6.0,8.0,8.0,3.0,5.0,2.0,6.0,7.0,7.0,4.0,6.0,8.0,8.0,7.0,5.0,3.0,8.0,6.0,5.0,5.0,4.0,9.0,10.0,7.0,9.0,6.0,4.0,3.0,7.0,5.0,9.0,7.0,11.0,4.0,3.0,5.0,5.0,1.0,3.0,7.0,8.0,7.0,6.0,3.0,3.0,8.0,10.0,4.0,5.0,8.0,3.0,8.0,3.0,7.0,3.0,8.0,8.0,7.0,4.0,11.0,6.0,6.0,4.0,7.0,5.0,7.0,7.0,8.0,6.0,8.0,10.0,5.0,5.0,4.0,3.0,3.0,9.0,6.0,8.0,6.0,8.0,8.0,5.0,4.0,4.0,6.0,3.0,5.0,7.0,5.855,2.2245715526736443
9,3,3.0,3.0,4.0,2.0,2.0,3.0,0.0,6.0,4.0,4.0,1.0,4.0,2.0,2.0,7.0,1.0,3.0,4.0,3.0,1.0,2.0,3.0,5.0,5.0,1.0,1.0,2.0,2.0,3.0,2.0,0.0,2.0,1.0,2.0,2.0,1.0,0.0,0.0,5.0,2.0,6.0,1.0,3.0,3.0,3.0,2.0,4.0,2.0,1.0,5.0,3.0,2.0,3.0,5.0,2.0,4.0,1.0,3.0,3.0,1.0,1.0,2.0,1.0,1.0,2.0,3.0,1.0,2.0,4.0,5.0,0.0,1.0,4.0,1.0,2.0,1.0,1.0,3.0,2.0,1.0,2.0,3.0,2.0,3.0,2.0,2.0,2.0,1.0,3.0,4.0,3.0,2.0,4.0,4.0,1.0,3.0,0.0,4.0,3.0,4.0,5.0,4.0,1.0,1.0,3.0,2.0,2.0,0.0,2.0,1.0,2.0,3.0,3.0,3.0,3.0,3.0,4.0,2.0,0.0,2.0,2.0,4.0,3.0,1.0,2.0,1.0,3.0,3.0,2.0,1.0,3.0,2.0,3.0,3.0,1.0,0.0,2.0,3.0,4.0,3.0,4.0,2.0,4.0,4.0,2.0,1.0,3.0,0.0,2.0,5.0,4.0,2.0,3.0,2.0,2.0,1.0,2.0,2.0,3.0,3.0,1.0,4.0,1.0,1.0,6.0,3.0,3.0,4.0,0.0,0.0,0.0,1.0,2.0,2.0,4.0,2.0,1.0,2.0,2.0,2.0,4.0,2.0,2.0,3.0,5.0,5.0,2.0,1.0,4.0,3.0,6.0,3.0,4.0,3.0,2.0,1.0,4.0,1.0,2.0,1.0,2.0,2.44,1.4058027624937928
10,0,6.0,5.0,9.0,12.0,9.0,13.0,12.0,11.0,4.0,14.0,17.0,9.0,9.0,6.0,10.0,10.0,8.0,11.0,13.0,8.0,16.0,11.0,7.0,10.0,12.0,14.0,6.0,13.0,17.0,16.0,9.0,9.0,13.0,9.0,5.0,9.0,9.0,11.0,11.0,10.0,10.0,5.0,12.0,12.0,11.0,11.0,10.0,11.0,12.0,9.0,8.0,9.0,11.0,8.0,9.0,10.0,12.0,7.0,14.0,9.0,14.0,13.0,11.0,8.0,12.0,10.0,14.0,11.0,7.0,14.0,15.0,7.0,11.0,14.0,9.0,13.0,13.0,8.0,11.0,6.0,10.0,8.0,12.0,11.0,8.0,12.0,8.0,8.0,7.0,9.0,8.0,13.0,14.0,7.0,8.0,11.0,11.0,10.0,12.0,9.0,11.0,13.0,13.0,13.0,10.0,16.0,10.0,11.0,9.0,10.0,11.0,7.0,8.0,6.0,9.0,12.0,11.0,6.0,5.0,12.0,11.0,13.0,6.0,8.0,6.0,8.0,5.0,9.0,4.0,8.0,7.0,11.0,8.0,14.0,9.0,9.0,11.0,10.0,11.0,9.0,9.0,9.0,8.0,10.0,8.0,8.0,6.0,9.0,14.0,10.0,10.0,13.0,9.0,8.0,15.0,11.0,11.0,8.0,10.0,13.0,6.0,15.0,12.0,7.0,16.0,10.0,10.0,6.0,8.0,13.0,9.0,11.0,10.0,11.0,4.0,12.0,9.0,6.0,12.0,11.0,12.0,6.0,11.0,12.0,11.0,11.0,10.0,5.0,9.0,13.0,14.0,7.0,8.0,11.0,11.0,14.0,8.0,10.0,9.0,11.0,8.0,10.06,2.683730996262759
10,1,10.0,9.0,13.0,12.0,5.0,5.0,7.0,6.0,7.0,3.0,7.0,12.0,9.0,10.0,7.0,8.0,7.0,5.0,12.0,4.0,13.0,9.0,2.0,8.0,8.0,10.0,9.0,7.0,9.0,4.0,8.0,6.0,11.0,10.0,8.0,11.0,7.0,6.0,6.0,7.0,10.0,7.0,6.0,7.0,11.0,8.0,8.0,9.0,3.0,9.0,11.0,6.0,10.0,9.0,11.0,8.0,9.0,7.0,4.0,4.0,8.0,12.0,4.0,4.0,12.0,7.0,7.0,12.0,7.0,6.0,13.0,9.0,9.0,9.0,7.0,5.0,6.0,7.0,11.0,5.0,9.0,11.0,9.0,12.0,8.0,7.0,13.0,8.0,11.0,11.0,9.0,11.0,8.0,12.0,4.0,7.0,12.0,8.0,9.0,8.0,10.0,6.0,7.0,7.0,6.0,6.0,15.0,6.0,6.0,9.0,9.0,13.0,11.0,6.0,5.0,8.0,6.0,8.0,10.0,8.0,14.0,9.0,9.0,5.0,12.0,7.0,13.0,10.0,8.0,9.0,9.0,4.0,11.0,8.0,6.0,12.0,9.0,16.0,9.0,15.0,9.0,9.0,10.0,10.0,6.0,7.0,5.0,6.0,17.0,9.0,9.0,7.0,7.0,8.0,8.0,9.0,9.0,9.0,11.0,13.0,9.0,9.0,7.0,7.0,7.0,10.0,5.0,11.0,10.0,6.0,10.0,8.0,9.0,10.0,14.0,5.0,12.0,6.0,10.0,6.0,8.0,14.0,5.0,10.0,7.0,8.0,7.0,12.0,6.0,4.0,5.0,10.0,10.0,13.0,8.0,8.0,14.0,4.0,10.0,8.0,4.0,8.46,2.723137416094654
10,2,5.0,4.0,4.0,4.0,5.0,8.0,9.0,2.0,7.0,5.0,4.0,5.0,5.0,8.0,5.0,5.0,4.0,9.0,9.0,4.0,5.0,3.0,4.0,5.0,2.0,2.0,7.0,4.0,6.0,3.0,5.0,9.0,2.0,5.0,5.0,4.0,5.0,2.0,8.0,4.0,6.0,5.0,6.0,3.0,5.0,5.0,4.0,3.0,6.0,4.0,5.0,6.0,5.0,4.0,6.0,4.0,8.0,5.0,8.0,2.0,1.0,2.0,9.0,6.0,5.0,9.0,7.0,8.0,4.0,4.0,5.0,9.0,3.0,6.0,4.0,8.0,4.0,3.0,5.0,4.0,4.0,7.0,7.0,3.0,6.0,7.0,3.0,6.0,3.0,3.0,8.0,4.0,4.0,5.0,3.0,5.0,7.0,5.0,2.0,5.0,5.0,5.0,2.0,3.0,9.0,6.0,3.0,6.0,6.0,4.0,4.0,6.0,2.0,7.0,6.0,4.0,3.0,7.0,4.0,1.0,3.0,4.0,7.0,5.0,4.0,5.0,11.0,8.0,3.0,5.0,6.0,6.0,2.0,4.0,4.0,5.0,6.0,3.0,4.0,4.0,5.0,9.0,5.0,1.0,4.0,6.0,6.0,4.0,1.0,7.0,3.0,5.0,5.0,8.0,3.0,7.0,6.0,5.0,5.0,5.0,6.0,5.0,6.0,4.0,5.0,2.0,7.0,4.0,4.0,6.0,4.0,4.0,7.0,4.0,4.0,5.0,4.0,5.0,4.0,7.0,3.0,3.0,8.0,6.0,4.0,5.0,7.0,5.0,4.0,6.0,2.0,1.0,3.0,2.0,5.0,1.0,5.0,3.0,5.0,3.0,4.0,4.865,1.9144452205567453
10,3,3.0,4.0,0.0,1.0,4.0,5.0,2.0,5.0,1.0,1.0,1.0,1.0,2.0,1.0,1.0,1.0,2.0,1.0,2.0,1.0,4.0,1.0,2.0,0.0,5.0,3.0,1.0,1.0,4.0,4.0,1.0,0.0,2.0,4.0,1.0,1.0,2.0,3.0,3.0,2.0,1.0,0.0,1.0,2.0,4.0,5.0,0.0,2.0,5.0,2.0,3.0,2.0,3.0,1.0,4.0,3.0,1.0,3.0,5.0,5.0,4.0,3.0,3.0,3.0,1.0,1.0,3.0,5.0,2.0,1.0,3.0,2.0,4.0,5.0,2.0,1.0,0.0,2.0,2.0,4.0,4.0,3.0,2.0,2.0,1.0,3.0,1.0,3.0,5.0,1.0,2.0,0.0,3.0,4.0,1.0,2.0,3.0,3.0,1.0,0.0,5.0,3.0,1.0,5.0,2.0,4.0,0.0,1.0,2.0,4.0,4.0,0.0,2.0,2.0,2.0,2.0,1.0,3.0,3.0,1.0,5.0,4.0,2.0,0.0,4.0,1.0,1.0,2.0,2.0,3.0,1.0,2.0,0.0,1.0,2.0,1.0,2.0,3.0,1.0,2.0,2.0,0.0,4.0,3.0,2.0,5.0,2.0,1.0,0.0,0.0,4.0,2.0,1.0,3.0,1.0,1.0,3.0,2.0,3.0,2.0,2.0,1.0,2.0,0.0,4.0,2.0,0.0,1.0,2.0,0.0,3.0,4.0,4.0,1.0,1.0,0.0,1.0,0.0,1.0,1.0,6.0,1.0,5.0,1.0,3.0,2.0,1.0,1.0,4.0,0.0,4.0,2.0,3.0,4.0,3.0,3.0,0.0,2.0,1.0,4.0,1.0,2.175,1.4680431716297864
11,0,9.0,7.0,11.0,11.0,6.0,7.0,8.0,2.0,6.0,8.0,3.0,7.0,6.0,10.0,4.0,10.0,8.0,5.0,7.0,6.0,2.0,3.0,11.0,5.0,6.0,2.0,10.0,11.0,4.0,7.0,4.0,8.0,8.0,8.0,1.0,9.0,6.0,5.0,7.0,7.0,3.0,5.0,9.0,3.0,3.0,9.0,7.0,4.0,6.0,7.0,9.0,7.0,6.0,7.0,6.0,6.0,7.0,6.0,8.0,5.0,6.0,9.0,7.0,7.0,5.0,7.0,7.0,6.0,8.0,7.0,4.0,5.0,8.0,8.0,6.0,5.0,4.0,6.0,6.0,11.0,6.0,6.0,8.0,3.0,10.0,6.0,6.0,11.0,7.0,6.0,6.0,11.0,7.0,10.0,3.0,7.0,7.0,8.0,6.0,7.0,6.0,3.0,9.0,7.0,6.0,3.0,4.0,13.0,5.0,6.0,8.0,4.0,10.0,5.0,10.0,8.0,9.0,6.0,5.0,5.0,6.0,7.0,7.0,6.0,8.0,4.0,6.0,10.0,2.0,7.0,7.0,6.0,3.0,7.0,5.0,6.0,6.0,4.0,6.0,4.0,8.0,4.0,8.0,4.0,4.0,6.0,6.0,7.0,4.0,9.0,4.0,10.0,3.0,6.0,4.0,7.0,4.0,5.0,7.0,6.0,8.0,9.0,3.0,5.0,6.0,3.0,6.0,5.0,5.0,7.0,7.0,6.0,6.0,9.0,10.0,7.0,8.0,10.0,7.0,5.0,9.0,7.0,2.0,7.0,9.0,2.0,8.0,4.0,9.0,7.0,4.0,5.0,5.0,8.0,6.0,11.0,4.0,7.0,7.0,5.0,8.0,6.415,2.217512527370527
11,1,4.0,4.0,3.0,4.0,3.0,3.0,3.0,6.0,3.0,2.0,7.0,2.0,3.0,6.0,6.0,6.0,4.0,10.0,3.0,5.0,6.0,6.0,9.0,4.0,6.0,7.0,5.0,3.0,6.0,5.0,3.0,1.0,6.0,5.0,5.0,6.0,9.0,9.0,4.0,4.0,3.0,7.0,8.0,5.0,9.0,5.0,5.0,8.0,4.0,7.0,7.0,4.0,3.0,4.0,4.0,4.0,5.0,8.0,8.0,9.0,8.0,6.0,2.0,5.0,3.0,5.0,5.0,3.0,3.0,5.0,8.0,4.0,6.0,4.0,6.0,5.0,5.0,4.0,9.0,7.0,10.0,6.0,4.0,1.0,7.0,6.0,9.0,2.0,6.0,4.0,7.0,4.0,6.0,3.0,9.0,8.0,2.0,5.0,7.0,9.0,5.0,5.0,6.0,4.0,4.0,8.0,6.0,4.0,3.0,8.0,2.0,7.0,3.0,6.0,8.0,4.0,7.0,4.0,4.0,3.0,4.0,4.0,8.0,6.0,5.0,7.0,10.0,1.0,4.0,5.0,4.0,5.0,3.0,3.0,7.0,2.0,3.0,8.0,7.0,6.0,5.0,4.0,6.0,6.0,8.0,4.0,7.0,12.0,4.0,5.0,4.0,10.0,6.0,8.0,6.0,8.0,6.0,7.0,5.0,6.0,10.0,4.0,5.0,10.0,6.0,6.0,5.0,7.0,3.0,7.0,6.0,6.0,7.0,8.0,4.0,7.0,7.0,3.0,4.0,9.0,3.0,3.0,8.0,2.0,4.0,4.0,5.0,9.0,7.0,9.0,5.0,6.0,5.0,3.0,4.0,4.0,9.0,3.0,5.0,8.0,8.0,5.475,2.149997078413347
11,2,7.0,3.0,2.0,5.0,3.0,3.0,3.0,2.0,4.0,4.0,3.0,4.0,2.0,2.0,3.0,5.0,5.0,3.0,6.0,4.0,1.0,2.0,2.0,9.0,2.0,2.0,2.0,6.0,3.0,5.0,3.0,2.0,0.0,1.0,8.0,6.0,3.0,2.0,4.0,3.0,3.0,3.0,3.0,3.0,1.0,4.0,3.0,4.0,2.0,2.0,6.0,6.0,2.0,6.0,3.0,5.0,2.0,1.0,1.0,4.0,4.0,2.0,4.0,2.0,4.0,3.0,1.0,4.0,2.0,6.0,2.0,4.0,8.0,2.0,5.0,10.0,4.0,2.0,3.0,4.0,3.0,2.0,4.0,4.0,0.0,3.0,3.0,3.0,2.0,2.0,5.0,3.0,4.0,2.0,5.0,1.0,3.0,0.0,6.0,8.0,3.0,1.0,3.0,5.0,1.0,1.0,6.0,3.0,5.0,2.0,5.0,2.0,4.0,7.0,4.0,5.0,2.0,7.0,7.0,6.0,3.0,4.0,6.0,1.0,4.0,4.0,1.0,2.0,3.0,5.0,3.0,1.0,4.0,6.0,3.0,1.0,7.0,2.0,4.0,3.0,4.0,2.0,0.0,5.0,2.0,5.0,3.0,3.0,3.0,3.0,7.0,2.0,3.0,2.0,6.0,3.0,2.0,3.0,4.0,4.0,2.0,2.0,1.0,4.0,4.0,3.0,2.0,3.0,2.0,2.0,2.0,4.0,5.0,1.0,4.0,7.0,0.0,3.0,2.0,2.0,4.0,3.0,4.0,2.0,3.0,4.0,2.0,2.0,4.0,4.0,8.0,5.0,3.0,2.0,5.0,5.0,4.0,4.0,4.0,2.0,5.0,3.405,1.796416029978528
11,3,0.0,2.0,3.0,2.0,1.0,1.0,2.0,4.0,2.0,0.0,2.0,1.0,3.0,1.0,0.0,2.0,4.0,1.0,2.0,2.0,1.0,4.0,3.0,3.0,1.0,2.0,3.0,0.0,1.0,2.0,2.0,1.0,3.0,2.0,2.0,0.0,4.0,4.0,0.0,0.0,2.0,1.0,0.0,1.0,3.0,3.0,0.0,4.0,2.0,0.0,3.0,0.0,2.0,5.0,1.0,1.0,4.0,0.0,4.0,3.0,4.0,2.0,2.0,1.0,1.0,3.0,0.0,2.0,2.0,2.0,1.0,4.0,2.0,4.0,2.0,2.0,5.0,3.0,3.0,1.0,1.0,0.0,4.0,4.0,3.0,1.0,1.0,2.0,2.0,2.0,4.0,2.0,1.0,2.0,3.0,1.0,2.0,1.0,1.0,1.0,2.0,3.0,0.0,2.0,2.0,0.0,2.0,1.0,1.0,3.0,3.0,2.0,0.0,2.0,1.0,4.0,3.0,1.0,2.0,6.0,3.0,0.0,2.0,3.0,0.0,1.0,2.0,2.0,2.0,3.0,3.0,4.0,3.0,2.0,2.0,4.0,0.0,0.0,2.0,2.0,0.0,1.0,2.0,3.0,2.0,3.0,2.0,5.0,2.0,3.0,1.0,3.0,0.0,2.0,1.0,0.0,2.0,2.0,4.0,1.0,1.0,3.0,2.0,3.0,2.0,4.0,1.0,2.0,3.0,3.0,3.0,3.0,2.0,0.0,3.0,4.0,3.0,0.0,3.0,1.0,1.0,1.0,3.0,0.0,1.0,3.0,2.0,2.0,4.0,2.0,0.0,1.0,4.0,2.0,3.0,4.0,1.0,0.0,4.0,5.0,5.0,2.045,1.3273220858548207
12,0,31.0,25.0,29.0,23.0,29.0,27.0,22.0,34.0,34.0,30.0,27.0,25.0,29.0,26.0,24.0,27.0,34.0,29.0,30.0,23.0,29.0,29.0,29.0,26.0,27.0,27.0,32.0,22.0,28.0,26.0,21.0,27.0,29.0,29.0,31.0,23.0,25.0,31.0,24.0,34.0,26.0,28.0,27.0,30.0,24.0,27.0,32.0,30.0,24.0,32.0,24.0,28.0,33.0,34.0,30.0,27.0,29.0,28.0,23.0,25.0,29.0,23.0,31.0,32.0,24.0,28.0,27.0,30.0,32.0,28.0,26.0,32.0,31.0,24.0,29.0,24.0,30.0,28.0,20.0,30.0,34.0,28.0,25.0,27.0,31.0,32.0,33.0,24.0,34.0,25.0,25.0,29.0,26.0,33.0,34.0,28.0,25.0,31.0,23.0,29.0,27.0,33.0,29.0,24.0,37.0,29.0,33.0,24.0,33.0,29.0,22.0,31.0,28.0,28.0,26.0,26.0,26.0,30.0,28.0,30.0,26.0,26.0,27.0,28.0,22.0,31.0,22.0,35.0,29.0,27.0,28.0,27.0,32.0,28.0,34.0,24.0,28.0,34.0,25.0,27.0,31.0,34.0,31.0,29.0,32.0,31.0,30.0,33.0,29.0,31.0,31.0,24.0,32.0,23.0,24.0,30.0,27.0,24.0,29.0,29.0,28.0,25.0,25.0,31.0,31.0,25.0,25.0,28.0,24.0,25.0,23.0,29.0,27.0,25.0,26.0,28.0,26.0,30.0,27.0,27.0,34.0,26.0,33.0,27.0,31.0,31.0,25.0,22.0,24.0,29.0,26.0,21.0,29.0,29.0,32.0,23.0,27.0,27.0,28.0,29.0,27.0,28.015,3.3796278526060455
12,1,37.0,43.0,37.0,40.0,39.0,42.0,48.0,41.0,33.0,36.0,46.0,40.0,37.0,44.0,42.0,42.0,32.0,44.0,39.0,52.0,40.0,32.0,39.0,45.0,42.0,42.0,38.0,43.0,42.0,44.0,43.0,42.0,46.0,38.0,39.0,39.0,41.0,33.0,41.0,39.0,35.0,43.0,36.0,42.0,45.0,29.0,34.0,33.0,50.0,39.0,41.0,37.0,39.0,34.0,38.0,44.0,35.0,36.0,44.0,33.0,36.0,49.0,36.0,39.0,39.0,30.0,43.0,37.0,32.0,34.0,39.0,38.0,36.0,40.0,35.0,42.0,40.0,38.0,47.0,45.0,36.0,43.0,40.0,42.0,31.0,37.0,32.0,47.0,33.0,46.0,43.0,38.0,43.0,30.0,38.0,42.0,46.0,40.0,44.0,42.0,41.0,45.0,39.0,37.0,37.0,46.0,39.0,39.0,40.0,43.0,41.0,40.0,43.0,44.0,39.0,42.0,41.0,43.0,45.0,37.0,36.0,40.0,47.0,41.0,40.0,43.0,44.0,38.0,43.0,36.0,39.0,43.0,36.0,33.0,39.0,43.0,37.0,31.0,39.0,45.0,35.0,33.0,38.0,37.0,40.0,36.0,37.0,45.0,29.0,41.0,38.0,39.0,44.0,45.0,48.0,40.0,44.0,43.0,40.0,35.0,42.0,38.0,43.0,39.0,34.0,39.0,45.0,38.0,41.0,38.0,44.0,47.0,41.0,39.0,40.0,36.0,40.0,43.0,45.0,41.0,36.0,38.0,36.0,47.0,40.0,41.0,43.0,46.0,34.0,42.0,44.0,48.0,37.0,35.0,38.0,37.0,30.0,38.0,37.0,35.0,40.0,39.78,4.340020609913316
12,2,22.0,28.0,24.0,30.0,28.0,26.0,29.0,18.0,38.0,23.0,24.0,32.0,19.0,21.0,25.0,28.0,25.0,22.0,22.0,16.0,23.0,32.0,29.0,22.0,27.0,24.0,30.0,25.0,21.0,22.0,27.0,26.0,17.0,29.0,27.0,22.0,26.0,35.0,24.0,24.0,35.0,33.0,30.0,24.0,24.0,39.0,33.0,26.0,25.0,21.0,29.0,24.0,24.0,33.0,28.0,24.0,27.0,31.0,25.0,37.0,29.0,26.0,37.0,23.0,31.0,35.0,22.0,22.0,28.0,32.0,30.0,27.0,24.0,29.0,26.0,23.0,27.0,27.0,21.0,15.0,24.0,28.0,25.0,27.0,31.0,24.0,29.0,19.0,24.0,25.0,26.0,27.0,29.0,29.0,26.0,27.0,22.0,27.0,25.0,22.0,31.0,23.0,29.0,29.0,21.0,16.0,16.0,36.0,26.0,21.0,27.0,21.0,21.0,21.0,32.0,27.0,30.0,24.0,28.0,26.0,31.0,29.0,20.0,23.0,26.0,29.0,23.0,17.0,28.0,31.0,28.0,22.0,28.0,24.0,23.0,31.0,28.0,30.0,25.0,25.0,25.0,30.0,23.0,30.0,22.0,26.0,24.0,18.0,26.0,24.0,27.0,29.0,19.0,17.0,28.0,25.0,20.0,23.0,30.0,25.0,24.0,27.0,26.0,20.0,25.0,30.0,19.0,19.0,28.0,30.0,30.0,16.0,21.0,31.0,26.0,29.0,32.0,24.0,21.0,21.0,23.0,30.0,25.0,25.0,25.0,30.0,28.0,25.0,27.0,19.0,29.0,24.0,24.0,28.0,20.0,29.0,37.0,32.0,28.0,26.0,24.0,25.93,4.512974038632045
12,3,36.0,32.0,35.0,32.0,31.0,31.0,26.0,36.0,27.0,33.0,27.0,31.0,39.0,32.0,36.0,28.0,36.0,31.0,30.0,36.0,33.0,30.0,29.0,28.0,29.0,30.0,29.0,36.0,30.0,33.0,36.0,33.0,35.0,31.0,33.0,35.0,26.0,24.0,30.0,30.0,32.0,27.0,33.0,35.0,30.0,28.0,28.0,35.0,34.0,36.0,23.0,33.0,36.0,24.0,33.0,30.0,35.0,28.0,24.0,29.0,27.0,27.0,27.0,32.0,32.0,30.0,32.0,35.0,33.0,31.0,27.0,29.0,30.0,30.0,31.0,33.0,27.0,33.0,33.0,33.0,30.0,29.0,27.0,30.0,32.0,31.0,32.0,35.0,33.0,32.0,27.0,30.0,28.0,32.0,28.0,28.0,33.0,32.0,27.0,27.0,23.0,30.0,31.0,32.0,34.0,34.0,35.0,29.0,34.0,35.0,29.0,35.0,36.0,32.0,26.0,30.0,31.0,30.0,25.0,33.0,29.0,31.0,31.0,35.0,33.0,27.0,30.0,33.0,33.0,31.0,31.0,34.0,32.0,37.0,28.0,30.0,29.0,29.0,35.0,29.0,33.0,34.0,31.0,26.0,32.0,34.0,33.0,28.0,38.0,27.0,25.0,29.0,35.0,35.0,25.0,34.0,37.0,31.0,22.0,34.0,30.0,31.0,34.0,34.0,30.0,30.0,35.0,35.0,35.0,28.0,32.0,35.0,32.0,31.0,35.0,29.0,28.0,35.0,32.0,33.0,32.0,32.0,28.0,27.0,31.0,25.0,27.0,28.0,33.0,34.0,25.0,34.0,37.0,29.0,34.0,32.0,28.0,33.0,29.0,35.0,28.0,31.08,3.2966558356147013
