"total_obs","total_exp","E","R1","R2","R3","R4","R5","R6","R7","R8","R9","R10","R11","R12","R13","R14","R15","R16","R17","R18","R19","R20","R21","R22","R23","R24","R25","R26","R27","R28","R29","R30","R31","R32","R33","R34","R35","R36","R37","R38","R39","R40","R41","R42","R43","R44","R45","R46","R47","R48","R49","R50","R51","R52","R53","R54","R55","R56","R57","R58","R59","R60","R61","R62","R63","R64","R65","R66","R67","R68","R69","R70","R71","R72","R73","R74","R75","R76","R77","R78","R79","R80","R81","R82","R83","R84","R85","R86","R87","R88","R89","R90","R91","R92","R93","R94","R95","R96","R97","R98","R99","R100","R101","R102","R103","R104","R105","R106","R107","R108","R109","R110","R111","R112","R113","R114","R115","R116","R117","R118","R119","R120","R121","R122","R123","R124","R125","R126","R127","R128","R129","R130","R131","R132","R133","R134","R135","R136","R137","R138","R139","R140","R141","R142","R143","R144","R145","R146","R147","R148","R149","R150","R151","R152","R153","R154","R155","R156","R157","R158","R159","R160","R161","R162","R163","R164","R165","R166","R167","R168","R169","R170","R171","R172","R173","R174","R175","R176","R177","R178","R179","R180","R181","R182","R183","R184","R185","R186","R187","R188","R189","R190","R191","R192","R193","R194","R195","R196","R197","R198","R199","R200","R201","R202","R203","R204","R205","R206","R207","R208","R209","R210","R211","R212","R213","R214","R215","R216","R217","R218","R219","R220","R221","R222","R223","R224","R225","R226","R227","R228","R229","R230","R231","R232","R233","R234","R235","R236","R237","R238","R239","R240","R241","R242","R243","R244","R245","R246","R247","R248","R249","R250","R251","R252","R253","R254","R255","R256","R257","R258","R259","R260","R261","R262","R263","R264","R265","R266","R267","R268","R269","R270","R271","R272","R273","R274","R275","R276","R277","R278","R279","R280","R281","R282","R283","R284","R285","R286","R287","R288","R289","R290","R291","R292","R293","R294","R295","R296","R297","R298","R299","R300","R301","R302","R303","R304","R305","R306","R307","R308","R309","R310","R311","R312","R313","R314","R315","R316","R317","R318","R319","R320","R321","R322","R323","R324","R325","R326","R327","R328","R329","R330","R331","R332","R333","R334","R335","R336","R337","R338","R339","R340","R341","R342","R343","R344","R345","R346","R347","R348","R349","R350","R351","R352","R353","R354","R355","R356","R357","R358","R359","R360","R361","R362","R363","R364","R365","R366","R367","R368","R369","R370","R371","R372","R373","R374","R375","R376","R377","R378","R379","R380","R381","R382","R383","R384","R385","R386","R387","R388","R389","R390","R391","R392","R393","R394","R395","R396","R397","R398","R399","R400","R401","R402","R403","R404","R405","R406","R407","R408","R409","R410","R411","R412","R413","R414","R415","R416","R417","R418","R419","R420","R421","R422","R423","R424","R425","R426","R427","R428","R429","R430","R431","R432","R433","R434","R435","R436","R437","R438","R439","R440","R441","R442","R443","R444","R445","R446","R447","R448","R449","R450","R451","R452","R453","R454","R455","R456","R457","R458","R459","R460","R461","R462","R463","R464","R465","R466","R467","R468","R469","R470","R471","R472","R473","R474","R475","R476","R477","R478","R479","R480","R481","R482","R483","R484","R485","R486","R487","R488","R489","R490","R491","R492","R493","R494","R495","R496","R497","R498","R499","R500","R501","R502","R503","R504","R505","R506","R507","R508","R509","R510","R511","R512","R513","R514","R515","R516","R517","R518","R519","R520","R521","R522","R523","R524","R525","R526","R527","R528","R529","R530","R531","R532","R533","R534","R535","R536","R537","R538","R539","R540","R541","R542","R543","R544","R545","R546","R547","R548","R549","R550","R551","R552","R553","R554","R555","R556","R557","R558","R559","R560","R561","R562","R563","R564","R565","R566","R567","R568","R569","R570","R571","R572","R573","R574","R575","R576","R577","R578","R579","R580","R581","R582","R583","R584","R585","R586","R587","R588","R589","R590","R591","R592","R593","R594","R595","R596","R597","R598","R599","R600","R601","R602","R603","R604","R605","R606","R607","R608","R609","R610","R611","R612","R613","R614","R615","R616","R617","R618","R619","R620","R621","R622","R623","R624","R625","R626","R627","R628","R629","R630","R631","R632","R633","R634","R635","R636","R637","R638","R639","R640","R641","R642","R643","R644","R645","R646","R647","R648","R649","R650","R651","R652","R653","R654","R655","R656","R657","R658","R659","R660","R661","R662","R663","R664","R665","R666","R667","R668","R669","R670","R671","R672","R673","R674","R675","R676","R677","R678","R679","R680","R681","R682","R683","R684","R685","R686","R687","R688","R689","R690","R691","R692","R693","R694","R695","R696","R697","R698","R699","R700","R701","R702","R703","R704","R705","R706","R707","R708","R709","R710","R711","R712","R713","R714","R715","R716","R717","R718","R719","R720","R721","R722","R723","R724","R725","R726","R727","R728","R729","R730","R731","R732","R733","R734","R735","R736","R737","R738","R739","R740","R741","R742","R743","R744","R745","R746","R747","R748","R749","R750","R751","R752","R753","R754","R755","R756","R757","R758","R759","R760","R761","R762","R763","R764","R765","R766","R767","R768","R769","R770","R771","R772","R773","R774","R775","R776","R777","R778","R779","R780","R781","R782","R783","R784","R785","R786","R787","R788","R789","R790","R791","R792","R793","R794","R795","R796","R797","R798","R799","R800","R801","R802","R803","R804","R805","R806","R807","R808","R809","R810","R811","R812","R813","R814","R815","R816","R817","R818","R819","R820","R821","R822","R823","R824","R825","R826","R827","R828","R829","R830","R831","R832","R833","R834","R835","R836","R837","R838","R839","R840","R841","R842","R843","R844","R845","R846","R847","R848","R849","R850","R851","R852","R853","R854","R855","R856","R857","R858","R859","R860","R861","R862","R863","R864","R865","R866","R867","R868","R869","R870","R871","R872","R873","R874","R875","R876","R877","R878","R879","R880","R881","R882","R883","R884","R885","R886","R887","R888","R889","R890","R891","R892","R893","R894","R895","R896","R897","R898","R899","R900","R901","R902","R903","R904","R905","R906","R907","R908","R909","R910","R911","R912","R913","R914","R915","R916","R917","R918","R919","R920","R921","R922","R923","R924","R925","R926","R927","R928","R929","R930","R931","R932","R933","R934","R935","R936","R937","R938","R939","R940","R941","R942","R943","R944","R945","R946","R947","R948","R949","R950","R951","R952","R953","R954","R955","R956","R957","R958","R959","R960","R961","R962","R963","R964","R965","R966","R967","R968","R969","R970","R971","R972","R973","R974","R975","R976","R977","R978","R979","R980","R981","R982","R983","R984","R985","R986","R987","R988","R989","R990","R991","R992","R993","R994","R995","R996","R997","R998","R999","R1000","rand_mean","rand_std","pois_pval"
0,0,183,179,183,163,181,174,169,180,177,176,181,177,178,177,180,179,169,192,172,184,179,174,181,171,178,164,176,179,185,174,190,168,163,181,182,186,167,172,175,176,171,181,178,186,183,166,179,174,186,174,173,178,175,181,178,184,173,175,176,185,166,170,177,187,174,177,180,183,175,168,170,175,176,171,171,190,189,179,181,170,184,176,171,170,171,182,183,179,166,180,186,181,184,177,159,175,174,173,181,180,176,167,178,167,174,172,177,178,172,167,186,177,179,167,176,169,183,182,173,169,172,174,175,183,164,177,176,177,177,179,174,179,165,182,183,179,177,171,175,185,180,177,177,176,169,175,190,180,188,170,194,181,173,180,180,173,193,165,177,172,177,177,187,177,181,187,183,162,166,162,181,171,189,184,180,181,166,179,176,172,182,175,183,181,180,177,165,181,180,176,172,175,184,166,179,188,178,182,177,174,169,185,168,177,173,177,168,186,182,170,171,168,177,170,175,173,184,168,179,190,184,189,172,180,178,172,177,178,173,176,187,177,179,168,177,185,175,181,169,170,181,181,196,176,162,179,180,164,178,175,175,184,188,170,173,176,176,183,175,190,178,173,174,173,175,187,184,180,181,182,165,185,170,191,187,171,170,162,178,178,182,173,168,196,192,184,167,175,171,183,180,175,178,167,180,172,180,168,177,175,171,190,180,179,189,182,170,179,183,186,180,189,182,172,185,165,171,181,182,179,182,171,170,169,184,175,164,176,177,178,179,180,174,181,179,178,179,176,183,167,180,191,175,174,175,181,168,177,167,175,177,174,172,169,182,174,171,172,172,181,177,171,182,175,181,185,174,171,171,174,184,167,171,177,182,184,168,168,170,178,179,185,170,185,174,184,184,175,178,179,163,181,172,181,185,185,178,191,182,189,186,164,185,196,169,173,176,183,170,175,173,169,191,176,191,181,180,171,178,172,174,172,172,183,169,178,175,187,173,188,182,176,185,180,172,173,181,180,182,174,178,169,185,180,162,181,177,185,180,178,168,179,177,179,181,180,175,175,169,183,163,172,190,176,173,177,161,171,171,165,174,186,169,191,192,184,176,185,166,183,179,169,169,174,177,171,169,178,178,188,181,182,180,169,174,177,178,167,179,180,173,172,167,171,174,186,180,185,181,185,181,190,170,178,168,186,183,177,173,168,169,185,179,185,179,173,178,167,177,184,174,172,166,182,181,175,174,171,169,190,171,179,167,187,184,189,177,191,177,170,177,176,181,181,171,185,179,176,184,172,183,179,176,178,173,168,178,162,181,171,175,184,168,188,180,180,179,190,173,182,178,170,174,173,166,166,178,179,170,186,165,163,184,163,175,171,176,180,191,179,172,168,183,166,178,178,174,177,171,178,169,170,176,170,188,182,173,176,164,186,175,176,174,167,175,176,167,165,182,182,176,181,168,178,174,192,185,173,172,171,183,172,169,185,169,176,176,184,188,166,163,178,189,178,183,178,171,180,182,170,178,181,174,178,174,173,168,163,180,180,168,175,180,183,184,170,180,171,177,191,174,171,177,175,175,169,167,194,182,171,177,181,170,188,173,175,181,182,175,176,179,181,178,172,167,172,172,175,178,181,176,181,167,185,179,173,179,170,178,191,178,171,181,174,169,183,178,193,169,184,179,177,169,171,180,179,170,168,172,176,176,178,181,161,183,174,178,171,180,178,171,167,166,177,161,186,171,169,191,181,169,176,181,169,170,166,186,169,178,185,190,180,167,179,176,169,171,178,181,175,172,177,175,175,168,172,187,177,170,171,176,166,185,166,175,181,191,188,193,178,171,173,178,185,175,177,173,177,173,182,172,192,173,195,175,182,171,169,188,193,171,169,177,174,177,174,177,176,180,180,182,183,177,186,184,178,174,179,171,172,177,177,178,182,183,170,180,176,179,181,176,181,194,172,184,170,184,186,172,162,176,176,177,177,177,167,168,178,201,186,160,175,167,163,186,173,178,181,166,165,182,175,167,179,189,185,183,184,163,177,180,179,172,184,180,178,186,172,174,181,175,178,175,171,183,184,169,180,176,181,179,173,190,180,176,176,187,164,171,175,177,171,182,174,184,187,180,182,174,181,162,179,184,181,183,174,173,183,174,176,171,179,168,177,187,165,183,162,173,161,173,178,189,190,166,171,179,170,165,181,170,175,173,183,176,172,176,181,187,175,188,180,175,175,176,177,176,176,173,171,178,181,182,172,180,174,170,164,168,169,175,188,174,164,189,182,173,164,179,172,179,176.784,6.840916762,0
0,1,101,100,102,101,119,92,108,103,109,119,99,100,95,101,101,97,111,115,91,92,90,112,102,100,100,102,90,105,107,113,104,112,92,100,107,101,94,111,104,95,99,111,103,102,104,105,95,104,99,112,102,101,90,104,94,97,102,97,107,108,105,113,87,104,103,96,99,105,89,100,102,102,103,109,110,101,101,92,97,96,90,98,82,111,113,94,86,102,107,106,100,93,94,100,104,101,104,96,100,106,113,115,108,103,102,101,95,115,107,94,90,97,104,86,103,96,114,107,95,102,102,112,109,97,103,98,109,105,114,97,95,101,88,100,97,108,101,104,108,126,104,98,94,102,96,112,98,86,95,89,100,93,99,101,106,104,96,89,107,97,102,78,107,102,107,93,92,97,106,107,108,98,106,99,98,97,98,103,102,104,99,118,102,89,107,99,104,108,91,101,109,104,92,105,113,85,98,110,112,106,108,101,100,88,110,85,90,104,91,103,93,111,96,95,101,93,112,103,99,101,94,109,88,105,80,110,97,110,108,103,98,95,99,105,105,91,104,105,101,90,100,111,103,109,90,107,106,96,96,110,97,101,105,99,107,119,106,104,111,101,109,106,103,108,108,101,97,95,108,98,109,97,93,101,94,88,99,96,100,103,111,107,104,104,107,99,108,105,101,91,94,101,115,104,88,104,103,109,96,90,98,88,91,109,111,112,104,97,105,109,113,86,112,99,97,106,102,109,88,113,99,96,97,85,93,99,107,104,98,114,108,95,99,91,102,106,112,108,99,84,109,104,89,92,110,104,97,95,99,106,97,101,92,112,102,107,103,97,100,94,94,104,101,101,105,91,107,104,93,98,114,110,113,94,109,101,100,113,109,104,106,106,102,106,101,113,121,87,110,93,97,99,107,82,107,93,96,114,100,76,109,104,103,92,92,101,89,101,109,104,102,100,102,102,110,101,96,102,101,98,99,81,105,89,101,106,111,91,99,102,100,98,108,90,104,95,94,105,90,109,110,99,97,92,94,102,109,91,98,95,102,92,105,103,98,101,95,93,95,105,111,99,92,89,119,109,97,95,96,98,101,102,100,97,99,112,103,105,106,104,94,98,115,91,105,104,112,111,102,86,108,90,95,96,96,95,95,94,90,100,90,99,105,101,102,102,96,90,97,104,106,106,95,102,104,112,98,102,108,104,103,103,103,121,98,117,110,107,96,122,99,112,108,95,93,93,99,106,115,98,95,94,112,95,101,91,94,106,97,92,94,102,101,102,108,96,111,96,96,99,104,108,102,101,96,92,90,113,103,94,102,86,103,99,107,100,99,110,109,111,99,99,111,104,99,107,104,103,105,85,111,93,104,100,103,96,94,102,105,98,95,89,104,90,102,99,101,111,105,105,93,92,123,101,108,102,90,99,99,86,108,98,99,103,89,106,103,121,89,107,92,93,111,106,94,112,98,107,93,111,98,101,102,94,96,101,105,103,113,99,89,100,98,110,102,105,93,102,95,107,94,101,104,98,92,91,103,97,107,104,102,99,104,98,92,97,92,94,107,88,119,103,102,111,100,94,97,109,113,99,106,103,103,102,87,97,87,109,101,94,90,95,104,99,101,109,115,95,101,99,114,103,104,102,109,110,106,99,89,110,100,105,100,91,91,116,94,96,100,110,102,118,94,99,97,93,120,106,106,99,102,99,110,107,104,112,102,111,102,85,109,101,98,104,107,91,108,97,102,114,106,88,95,90,116,100,102,95,106,107,101,108,104,94,112,96,103,104,90,91,103,91,102,108,110,114,108,105,97,114,108,102,93,106,107,107,107,94,96,92,87,112,106,98,101,103,99,111,112,105,105,90,102,102,96,110,106,101,92,94,109,103,108,99,102,98,88,110,116,85,92,92,102,95,98,95,102,105,107,113,93,99,88,98,95,93,99,100,91,101,98,98,103,97,97,101,85,96,96,103,101,94,97,101,102,93,102,96,92,110,100,97,105,110,117,103,104,90,103,97,83,97,95,99,88,99,104,86,104,107,105,102,98,99,89,102,112,106,100,105,102,92,110,111,104,102,97,101,93,111,99,102,106,101,106,98,90,95,92,101,94,93,119,98,94,104,111,92,108,96,101,98,96,108,104,96,89,99,106,91,94,103,105,102,106,109,98,91,101,91,101,100,99,108,117,111,108,105,97,109,104,111,112,102,100,95,101,105,94,108,99,105,98,112,100,88,99,96,88,111,103,96,94,103,103,97,114,111,102,103,103,85,93,100,112,106,94,106,110,101,80,101.021,7.419947076,0
0,2,35,35,35,38,35,35,40,28,39,31,36,35,44,36,35,33,35,29,33,31,38,28,38,38,36,33,43,26,30,33,35,33,31,38,25,31,33,33,35,36,32,34,37,34,32,29,41,38,38,34,32,33,39,30,34,33,28,35,36,33,28,34,39,34,30,35,31,34,31,31,32,35,35,34,31,42,33,32,32,39,34,36,42,32,32,33,42,35,35,32,37,35,32,29,27,28,27,33,31,29,31,34,30,26,35,37,41,34,29,33,39,35,32,37,37,34,35,30,38,38,35,33,40,30,33,32,37,33,26,34,45,41,35,38,33,37,36,32,36,33,33,40,35,38,36,34,32,30,32,30,31,39,36,38,31,35,33,37,35,26,39,44,32,33,27,33,32,29,33,36,36,35,32,33,35,37,35,37,35,31,32,35,32,41,32,30,35,27,48,38,40,34,41,37,39,48,33,31,35,40,34,38,38,29,33,41,36,32,33,34,35,32,36,37,28,31,42,39,35,31,33,35,37,38,46,30,33,35,41,41,39,34,35,34,32,36,27,35,37,43,36,30,31,36,32,36,29,34,36,40,29,29,32,36,34,30,35,45,35,29,34,35,34,41,32,35,38,42,39,36,32,33,35,30,35,35,31,38,33,36,28,41,29,35,28,42,29,39,36,39,40,37,28,39,33,39,34,34,31,32,35,32,37,32,33,26,34,39,35,37,40,42,31,33,30,40,35,33,35,33,30,39,34,38,35,31,33,35,32,36,32,41,43,38,27,37,29,38,33,45,34,31,34,39,36,36,32,29,32,35,43,33,40,36,38,40,32,38,37,30,30,33,33,38,37,29,29,34,39,36,31,35,33,32,33,39,28,33,35,34,32,43,30,37,36,28,34,42,30,35,29,42,38,38,36,42,38,22,30,42,40,27,34,36,37,36,34,34,40,35,36,42,28,35,39,39,40,33,38,36,39,30,36,40,31,40,35,36,40,33,29,31,31,43,42,36,35,30,36,28,36,40,33,36,36,36,34,33,35,36,33,35,32,40,38,27,35,37,32,33,37,42,34,40,33,29,33,37,35,36,35,39,35,35,29,38,39,23,30,30,38,32,29,33,29,41,33,33,34,26,26,33,38,38,29,37,34,35,36,36,40,37,35,38,31,33,35,41,29,33,32,32,33,31,38,32,36,35,37,42,40,36,38,32,34,31,31,31,35,31,36,32,33,33,36,41,33,34,37,36,39,35,30,37,28,42,46,31,32,43,39,33,39,33,36,26,35,33,35,30,34,36,36,35,32,34,35,36,34,36,37,40,32,33,32,33,33,31,34,35,36,34,32,36,31,37,34,34,36,36,31,33,37,33,35,36,35,37,35,35,34,37,33,38,43,42,37,33,31,38,35,35,30,31,31,35,33,35,32,34,30,36,32,35,37,29,34,27,30,37,33,39,30,35,37,32,31,32,35,34,32,37,31,37,33,34,28,35,34,27,39,39,41,40,30,38,39,29,39,30,38,36,35,38,33,37,34,33,33,32,28,36,35,34,30,38,34,44,36,31,34,43,30,28,29,41,29,31,36,36,27,30,29,42,41,33,40,29,29,31,31,34,39,36,41,31,34,39,29,31,33,34,32,37,36,31,29,35,36,36,38,31,34,37,36,40,34,35,37,38,33,30,38,36,32,31,29,33,30,32,33,24,36,35,33,35,35,32,40,34,30,33,32,32,33,34,34,35,30,32,30,35,33,35,33,39,38,28,32,36,37,31,40,39,38,33,31,34,35,42,35,43,38,44,40,36,30,32,37,35,37,35,35,28,42,31,37,36,32,32,35,31,41,35,40,37,34,33,29,37,25,33,35,37,43,28,28,35,34,34,39,32,39,30,34,38,34,33,36,41,39,42,40,40,33,35,44,34,32,23,32,40,38,31,40,38,26,33,45,34,35,33,36,36,33,40,41,40,30,33,32,40,36,32,32,41,34,38,31,29,29,38,28,40,35,40,37,39,32,32,33,37,38,33,37,37,31,42,36,30,33,35,35,42,37,39,36,33,33,34,34,28,39,32,41,39,39,32,37,26,32,39,45,36,33,28,42,45,34,35,39,39,29,28,38,34,34,33,26,30,37,43,38,31,43,39,32,33,33,39,37,32,36,34,38,41,30,37,39,36,29,29,39,31,31,33,28,42,35,42,34,40,37,34,39,35,33,36,39,33,33,42,38,31,42,43,32,42,36,31,35,29,40,30,37,32,34,25,35,37,32,42,38,34,29,37,30,43,34,37,44,34.701,4.053644167,0
1,0,381,406,391,415,399,400,416,405,389,385,393,400,408,378,385,393,399,403,408,394,424,389,382,404,412,395,399,409,380,389,392,402,398,403,396,396,397,400,405,391,397,397,383,405,406,389,393,397,391,404,394,391,399,409,393,392,409,388,395,390,384,385,406,378,402,400,408,402,400,401,408,397,409,402,389,379,392,393,408,392,395,405,400,407,407,379,406,389,405,391,390,396,387,402,413,395,400,404,383,412,410,404,409,416,394,397,390,392,405,397,386,389,407,400,394,395,399,390,410,404,383,394,392,397,412,409,397,403,403,398,408,400,418,390,394,390,400,390,382,398,384,392,418,399,422,414,394,393,395,408,391,378,398,392,404,388,391,407,394,413,415,390,389,390,384,397,392,386,404,401,399,394,389,389,398,382,397,401,380,397,399,416,379,395,390,404,419,380,391,378,416,387,401,406,389,385,391,391,392,388,398,402,412,398,398,398,401,400,385,396,401,395,386,402,398,397,396,407,387,393,385,392,414,420,407,393,396,390,397,403,380,404,395,408,393,377,409,407,392,407,388,378,394,392,396,408,382,403,407,388,421,394,368,409,414,404,405,386,397,384,397,388,397,399,409,392,401,401,392,399,398,407,392,405,392,419,402,398,402,408,391,392,405,400,412,368,399,398,395,396,394,401,400,393,392,395,393,394,391,387,407,404,388,403,410,394,384,395,394,391,394,375,392,399,389,418,391,397,399,387,383,392,402,425,383,404,396,412,389,389,412,400,397,403,397,400,368,400,395,408,413,379,406,390,410,400,385,401,430,413,407,393,379,388,394,407,392,408,398,395,395,395,413,392,392,394,385,397,405,396,394,418,406,409,401,381,387,391,396,421,402,393,398,390,393,390,396,407,398,385,415,377,394,388,400,386,396,406,401,408,403,395,385,371,423,403,404,403,395,414,406,405,388,414,396,386,393,374,394,408,391,413,410,390,410,388,412,406,386,398,386,399,386,401,388,411,391,387,402,392,388,397,399,377,395,373,397,412,403,418,410,414,385,395,392,388,411,410,397,392,415,409,392,415,411,405,411,414,407,408,402,397,417,376,388,399,394,406,390,401,406,391,415,407,402,401,398,399,415,391,414,407,402,406,403,396,396,408,397,382,396,390,391,408,410,407,402,402,378,404,406,378,400,402,394,401,381,393,402,398,398,380,394,409,393,388,397,387,397,380,410,393,395,405,392,408,392,397,410,394,414,389,406,390,391,367,403,396,382,404,402,410,409,398,402,394,397,393,405,394,392,396,388,396,379,404,401,408,392,391,406,382,387,384,391,388,407,396,388,389,395,406,403,401,384,408,412,378,402,397,398,410,382,412,396,407,405,379,398,387,399,389,393,406,401,384,399,416,406,404,406,410,396,392,388,406,406,406,393,387,407,390,387,406,413,391,414,398,393,402,377,389,390,399,402,404,381,378,410,397,389,392,387,407,411,417,399,387,406,415,407,396,401,389,400,389,402,393,395,406,416,401,395,397,406,403,395,408,408,394,417,390,394,386,403,381,383,402,410,406,398,400,406,391,400,395,415,391,392,398,400,402,398,393,399,392,408,396,399,379,401,383,397,409,408,404,401,389,404,399,369,389,414,388,405,400,387,411,398,405,391,399,383,416,409,383,401,382,403,378,387,402,388,407,393,403,406,398,396,401,393,417,395,403,375,391,409,404,401,397,393,388,403,397,396,378,399,404,392,401,420,397,396,410,403,400,408,404,397,392,382,391,391,412,396,398,388,383,394,401,392,390,384,407,404,380,398,406,400,405,397,401,385,412,386,395,385,389,387,403,419,391,381,401,389,414,406,395,390,403,406,393,396,370,395,391,402,408,393,394,403,404,387,389,384,396,405,401,384,386,388,394,395,387,396,411,388,405,391,404,389,402,407,387,392,400,392,394,399,412,382,394,386,388,380,409,397,398,396,411,411,408,394,380,393,415,397,408,382,380,420,396,413,406,382,394,405,386,401,386,398,394,412,396,395,412,403,393,392,385,402,395,413,401,401,391,391,408,399,395,394,415,391,396,403,390,409,409,403,391,397,388,385,406,399,403,399,415,401,397,396,394,394,387,410,394,411,391,389,401,407,407,399,386,395,396,408,402,419,411,402,388,393,376,392,407,378,395,385,404,396,407,409,387,402,425,399,392,405,394,397,384,407,403,414,391,404,391,381,397,392,395,382,395,387,400,397,394,405,394,394,380,390,414,392,392,397,395,392,427,399,400,395,405,382,397,401,393,396,392,390,397.489,9.935421058,0
1,1,60,57,55,65,50,46,56,51,58,51,64,60,50,55,58,46,56,51,51,57,54,54,64,43,50,54,59,55,58,64,53,54,61,54,58,50,54,63,55,62,60,52,55,62,45,51,42,51,53,43,58,64,48,46,59,59,59,61,51,60,53,53,55,53,54,55,66,57,54,57,54,64,52,57,56,59,50,51,49,49,49,61,67,60,52,59,51,57,57,54,50,46,65,55,51,54,55,52,55,49,45,56,61,51,58,56,59,47,52,60,60,50,52,57,57,53,50,51,45,62,61,61,52,54,58,57,47,59,53,55,60,46,61,54,63,51,56,62,49,43,57,65,52,48,59,57,49,59,58,53,55,63,55,59,49,71,61,58,59,54,49,53,49,55,50,53,46,60,63,51,49,65,54,58,58,57,60,56,51,54,51,49,62,59,58,62,53,51,48,55,56,55,55,56,58,45,63,54,51,54,62,52,54,52,56,63,55,58,60,53,54,54,64,67,57,57,51,47,61,51,54,59,57,54,53,59,52,54,57,57,51,57,51,49,58,49,64,42,58,50,62,55,55,63,56,45,54,57,52,50,44,55,49,56,50,43,52,44,56,57,48,60,65,50,45,52,49,46,59,61,61,49,52,51,57,47,49,55,50,55,58,56,50,44,53,51,54,53,58,55,48,59,48,57,60,60,42,58,51,61,62,54,50,57,59,59,53,54,54,54,54,59,52,65,60,58,57,51,59,56,58,55,55,57,69,54,66,47,59,53,42,55,37,57,55,52,58,53,54,54,43,52,49,59,53,54,63,52,64,52,38,47,55,67,60,51,55,52,57,46,61,58,51,58,55,51,38,64,64,62,54,54,41,57,55,48,66,58,46,46,54,57,62,59,48,54,53,48,46,66,44,55,57,54,56,60,61,59,53,57,53,53,54,57,52,57,55,45,66,56,60,54,49,55,51,48,55,59,54,54,49,53,48,62,52,53,54,50,48,56,59,53,52,48,48,55,51,61,58,64,66,63,56,54,60,53,46,60,48,57,62,51,59,61,61,60,53,58,51,55,56,48,64,54,47,46,51,44,45,59,51,63,55,57,61,53,68,46,63,54,45,50,48,51,56,60,51,54,41,61,51,46,58,49,58,48,54,61,50,63,48,66,61,51,46,45,60,55,61,45,54,57,58,51,54,54,65,59,56,56,54,52,52,47,56,55,49,56,51,61,56,58,50,60,48,47,61,55,53,50,57,64,51,64,55,57,54,55,61,54,47,62,57,47,50,56,57,70,59,54,50,55,63,50,57,50,54,47,53,53,66,55,54,56,60,59,47,53,65,53,49,55,55,56,52,54,59,52,55,54,56,59,55,64,58,51,55,57,59,52,56,65,64,54,47,46,51,56,56,51,46,53,57,60,55,54,54,53,56,65,63,57,67,56,47,62,51,55,59,53,55,50,62,63,60,44,53,61,43,53,47,58,62,58,54,44,54,66,50,57,59,57,53,60,61,47,59,59,54,58,51,58,54,52,56,59,53,67,54,60,50,59,51,48,50,61,59,58,49,51,61,51,55,53,57,59,54,53,50,54,51,60,56,51,53,56,53,54,64,61,70,58,53,55,50,51,60,63,56,57,55,58,62,58,60,51,53,53,56,47,54,53,56,55,54,51,49,54,56,51,62,47,59,47,53,55,51,48,58,67,42,57,61,61,54,59,61,51,45,60,56,50,57,55,55,69,53,53,60,56,52,59,58,54,63,55,45,67,57,62,57,41,50,56,57,60,50,51,55,57,56,52,56,59,54,59,57,56,62,53,60,50,58,56,56,56,54,61,58,59,50,58,55,53,56,50,63,58,58,55,58,58,59,62,53,53,54,49,57,55,54,53,47,68,55,53,55,53,62,61,54,57,58,55,48,50,63,54,63,58,48,63,50,48,67,63,60,50,64,46,58,59,56,48,59,55,56,55,53,59,43,54,54,45,64,56,58,52,53,57,47,51,51,52,46,57,46,54,57,46,53,51,57,61,52,44,56,63,47,57,52,48,43,65,52,65,53,62,60,56,58,55,57,53,60,56,57,56,56,56,49,56,49,57,54,47,52,56,47,52,48,64,54,57,57,66,49,56,56,49,53,53,53,55,52,50,48,50,56,50,59,53,55,54,56,47,49,55,56,47,61,54,61,57,53,58,49,62,49,58,54,54,60,49,49,55,54,60,56,57,48,52,56,53,58,49,54,52,53,56,57,66,47,52,56,61,48,60,51,51,61,59,74,61,60,59,61,58,45,50,49,54.874,5.423609457,0
1,2,2,4,3,2,3,3,3,2,4,4,3,2,2,4,1,1,3,1,4,2,0,4,0,4,1,4,1,2,1,1,3,2,3,3,5,3,3,1,5,1,0,4,4,1,5,1,6,2,0,7,4,4,1,3,2,4,4,3,4,2,3,4,2,4,3,3,1,3,0,2,3,2,2,2,3,1,2,2,0,3,3,2,3,4,3,1,2,2,2,3,1,5,3,2,2,2,2,3,3,2,3,3,2,4,2,1,1,3,1,3,2,1,1,0,2,3,6,6,2,2,2,1,4,5,2,5,3,1,1,6,4,3,2,3,3,4,2,2,2,2,3,1,5,2,1,1,4,1,3,3,2,0,4,5,5,2,5,3,3,1,5,2,5,2,3,2,3,2,1,5,3,2,4,1,1,2,3,2,1,3,3,4,3,1,1,1,3,2,3,1,2,1,3,2,2,2,3,3,0,4,3,3,3,3,2,3,2,3,1,4,3,4,2,2,3,4,4,3,1,1,2,5,5,6,2,3,2,2,0,3,3,1,2,4,2,3,1,3,2,0,5,5,3,1,2,3,1,4,1,0,2,3,3,1,2,4,2,1,4,0,4,1,3,3,3,5,1,5,4,3,1,1,2,1,2,2,3,5,3,4,4,4,3,3,0,2,4,2,4,5,2,2,3,3,1,2,2,2,5,4,1,2,3,3,4,2,2,1,2,3,2,1,2,4,1,2,1,1,3,3,0,3,2,3,1,1,4,5,2,4,3,4,3,1,3,2,2,3,1,3,2,2,1,3,2,3,4,4,1,2,3,0,2,3,0,2,2,1,2,2,4,2,1,2,0,4,3,1,1,2,0,3,4,1,2,4,3,2,3,4,1,4,2,2,3,1,2,3,4,2,3,3,3,2,2,3,2,1,1,5,1,3,1,3,1,2,5,0,4,0,2,0,4,0,1,2,1,1,4,2,3,3,3,0,3,0,3,0,3,4,1,2,2,4,3,2,2,1,3,2,4,3,2,4,2,3,3,3,3,4,3,2,2,5,2,3,2,2,3,4,4,2,5,1,1,1,1,4,1,4,6,3,3,4,1,1,4,4,1,1,3,1,4,1,0,4,2,3,2,3,3,2,0,3,1,3,1,2,2,2,0,2,1,2,1,0,5,2,3,2,3,2,3,3,3,3,1,1,5,4,4,4,3,4,4,0,3,4,1,0,3,3,4,2,2,4,4,1,3,2,3,7,2,1,3,3,2,5,5,0,3,1,3,2,3,6,0,2,4,2,2,1,4,1,5,3,1,1,3,2,5,4,2,4,1,1,4,5,2,4,1,1,1,1,3,2,2,4,1,0,1,6,4,2,3,4,2,4,1,2,4,3,2,2,2,6,5,1,1,2,3,1,2,1,3,4,3,1,1,3,0,4,0,3,4,1,1,1,3,1,1,2,3,2,2,4,1,2,4,4,3,1,3,2,4,4,2,1,1,5,1,3,3,4,2,5,3,1,4,2,1,2,6,6,4,4,0,5,5,2,2,2,1,2,3,2,0,1,1,2,4,2,3,4,3,3,0,3,1,2,1,2,0,2,1,4,4,5,1,3,3,2,4,1,6,3,2,4,2,4,2,3,5,2,3,2,5,2,4,2,2,2,3,2,3,3,3,4,5,4,1,3,2,3,3,1,4,3,6,5,3,3,2,5,2,1,2,2,3,2,1,4,3,3,3,3,3,2,0,3,1,2,3,0,2,2,3,3,1,2,1,1,2,2,2,0,5,1,1,2,3,4,1,1,1,2,0,4,4,2,3,3,1,0,1,3,1,3,2,2,1,3,3,4,1,5,4,2,5,0,0,4,2,4,2,2,6,2,4,3,1,4,3,3,2,2,5,3,1,3,3,0,4,2,1,0,3,3,1,0,3,3,2,3,2,4,2,3,2,1,2,3,1,4,2,2,2,2,2,2,3,0,2,2,4,3,2,5,0,3,1,5,2,2,4,2,6,2,6,3,3,1,1,3,5,1,2,3,1,3,2,2,3,2,1,2,0,2,3,2,4,5,4,3,2,4,1,0,2,1,1,2,3,3,4,2,1,3,3,4,2,5,2,4,3,1,2,2,5,2,3,2,3,3,2,4,2,1,5,4,7,4,4,2,2,2,3,3,2,5,2,0,2,1,2,2,3,2,2,4,2,2,2,7,2,3,2,2,3,3,3,4,2,3,2,5,3,2,3,1,0,1,4,1,1,2,4,4,4,2,4,2,2,0,6,1,1,2,2,3,4,2.507,1.37980247,0
2,0,653,632,656,635,639,647,610,623,643,656,619,646,653,662,646,651,653,647,650,649,614,641,661,636,658,630,660,626,658,628,632,645,638,647,636,634,637,655,628,645,655,637,672,646,615,644,658,644,636,648,647,633,664,662,648,634,628,645,658,641,649,660,643,654,638,650,636,630,621,650,631,648,650,658,655,638,642,635,640,656,654,641,639,618,649,648,651,648,655,641,645,646,636,639,638,664,640,663,662,627,636,640,634,628,650,642,638,656,650,653,630,652,663,648,636,656,649,640,648,640,642,628,656,637,624,638,641,649,642,631,641,617,649,644,644,652,639,658,639,621,659,641,631,666,629,637,644,651,647,641,623,657,625,631,643,662,642,617,644,625,628,662,655,648,651,635,652,648,630,668,620,645,642,653,619,642,623,655,658,647,656,621,658,640,646,630,658,653,651,668,644,640,641,638,643,641,630,639,672,649,648,650,637,670,658,636,659,654,656,644,635,656,640,635,644,655,631,640,643,645,658,625,620,642,636,643,646,645,631,646,663,626,624,658,645,655,641,616,628,648,651,643,647,626,656,652,644,640,650,649,613,651,666,649,656,656,630,657,651,653,640,642,635,642,648,651,637,664,646,661,629,626,645,650,645,621,630,644,646,635,639,652,634,651,627,652,623,653,650,644,661,649,651,650,644,640,657,670,636,639,646,638,646,642,644,635,641,629,643,640,649,638,653,629,639,644,654,644,642,642,641,631,646,629,648,649,625,641,659,641,632,643,667,645,644,630,651,648,652,636,630,637,649,639,635,640,641,627,630,650,665,654,646,658,642,633,656,637,654,652,649,648,643,664,648,640,654,664,643,631,658,639,661,640,654,658,630,629,659,633,648,645,626,661,647,633,637,640,662,641,660,662,647,647,622,637,620,641,633,649,637,651,635,647,658,636,657,632,635,632,649,647,650,643,644,654,662,648,651,644,650,647,634,626,634,643,634,660,656,641,637,656,660,624,658,655,643,650,651,651,641,620,632,646,661,664,639,644,657,637,648,647,665,641,616,655,646,615,635,649,649,651,626,629,644,635,637,635,624,621,653,642,631,624,640,646,630,648,654,638,642,636,650,642,636,638,663,653,620,645,642,651,655,630,652,637,630,628,663,653,651,632,627,647,632,641,654,643,657,627,660,658,638,640,637,613,632,635,624,640,652,640,619,641,655,624,652,650,655,679,620,647,638,650,626,639,649,630,637,650,637,633,639,637,634,644,637,633,643,647,649,627,628,658,641,655,652,628,633,642,662,647,649,663,668,649,650,659,648,653,647,640,660,661,655,665,640,639,655,659,646,640,648,637,631,623,621,655,617,638,641,619,655,619,646,628,643,629,641,654,663,643,674,656,642,645,652,625,633,629,654,656,626,662,649,651,641,642,642,650,646,638,627,632,636,625,632,648,608,626,663,667,654,619,645,638,643,661,649,651,652,647,635,643,637,649,652,624,644,651,671,657,619,628,634,634,618,655,662,651,623,630,660,639,637,654,635,599,637,638,632,647,645,627,634,675,640,614,642,604,650,621,651,636,651,630,649,644,627,645,664,624,652,644,639,639,643,644,649,644,645,657,633,641,646,652,651,639,632,640,656,663,636,637,645,632,639,655,644,643,628,653,626,636,643,634,634,638,632,630,627,655,639,644,654,638,664,655,653,629,640,642,621,644,661,646,632,628,653,630,638,657,637,639,662,658,642,643,633,638,648,656,633,640,636,624,647,633,638,665,655,651,662,626,655,648,646,639,643,636,652,661,636,626,637,650,634,643,639,643,643,644,638,635,653,635,644,639,624,656,645,632,636,635,697,638,636,639,633,625,633,640,624,642,662,638,652,662,645,633,622,645,646,632,668,650,638,640,631,640,636,662,622,635,656,657,638,630,645,633,649,658,630,660,638,634,634,644,638,668,652,643,644,662,637,656,627,627,664,638,668,640,638,645,621,647,656,650,656,665,640,643,650,606,653,640,644,636,646,633,641,636,625,638,656,639,615,638,654,649,659,644,634,635,642,677,641,628,632,649,647,641,652,648,631,646,642,642,645,649,643,658,641,627,635,652,643,649,640,641,639,631,636,651,641,647,635,645,663,635,636,635,642,653,644,648,630,633,631,615,626,641,654,664,636,624,657,643,651,656,642,654,628,635,656,630,660,635,655,622,632,658,641,619,666,646,649,640,635,646,627,639,654,651,630,656,634,634,657,644,638,657,638,650,656,638,651,646,668,634,647,633,638,639,648,638,650,649,638,653,643,643.015,12.0678253,0
2,1,281,291,276,286,285,285,295,300,286,269,311,284,282,293,288,297,279,294,290,293,291,293,285,312,276,305,289,314,284,305,301,295,306,294,298,295,318,289,295,293,285,296,264,290,306,287,287,294,295,294,283,285,288,279,284,290,295,292,284,292,286,296,276,297,306,276,285,301,305,294,285,290,300,288,293,302,295,290,303,301,303,294,286,302,276,298,285,300,290,299,290,296,303,294,306,286,303,271,283,301,295,295,287,281,282,303,306,290,279,295,304,315,283,304,290,299,286,298,277,286,297,295,301,298,297,291,302,299,286,292,284,311,279,287,289,287,299,287,298,318,284,271,291,276,285,281,291,308,286,299,311,299,313,302,303,285,301,307,280,304,307,285,294,300,292,296,303,309,288,280,307,287,298,282,307,293,305,286,292,308,290,300,273,289,287,293,284,303,280,297,296,312,275,305,289,293,290,290,271,289,292,284,294,281,284,298,277,275,279,290,308,274,305,286,305,296,291,283,290,295,277,312,304,279,283,273,286,287,314,290,286,290,309,272,301,280,282,312,297,275,292,289,289,306,287,271,299,299,283,281,319,294,280,292,270,281,308,302,295,291,291,295,293,304,284,287,296,280,286,292,289,293,296,276,289,311,307,276,298,289,287,278,301,288,300,306,295,287,285,279,281,278,283,301,291,301,304,270,313,291,280,281,289,286,281,270,301,294,304,290,271,287,270,297,276,289,286,292,280,286,303,306,280,293,276,287,306,278,284,283,296,277,287,293,282,297,293,274,283,281,304,310,286,293,283,282,283,319,278,289,279,298,296,282,290,298,287,298,276,283,296,291,293,277,277,287,289,272,278,299,289,284,283,287,278,286,308,304,292,290,284,300,312,287,280,306,284,299,280,295,290,289,283,294,317,300,307,278,296,280,302,298,308,300,285,307,272,303,314,300,277,283,289,292,299,298,296,302,294,287,286,291,292,296,291,286,285,282,282,289,303,284,276,304,297,265,309,291,280,272,291,307,294,308,283,297,308,256,269,278,288,284,273,280,316,275,293,304,311,291,291,285,284,289,277,309,282,297,313,299,273,298,296,315,283,284,301,294,293,297,290,311,294,297,284,307,288,293,298,274,282,288,271,300,280,303,293,295,280,276,293,287,303,284,298,290,281,291,284,313,268,302,296,294,301,312,317,297,326,297,294,298,313,292,287,301,281,274,281,245,303,293,301,280,305,289,290,307,286,299,297,286,300,306,298,306,299,295,279,283,278,278,296,287,291,283,283,299,301,306,294,293,284,273,275,280,287,286,286,273,272,294,285,281,279,267,276,278,281,282,289,287,279,283,305,302,310,293,311,295,286,297,293,312,279,289,298,317,302,297,275,302,273,287,293,299,283,287,309,292,294,272,291,296,294,284,302,297,305,286,280,294,312,303,304,297,289,292,321,310,283,283,294,307,290,294,300,287,273,293,270,292,308,284,308,260,289,310,283,298,273,275,303,302,294,308,312,277,273,288,305,291,275,285,294,258,304,314,284,294,299,290,298,316,299,287,291,329,298,311,284,302,308,310,289,291,301,305,303,300,283,302,278,286,291,291,285,295,276,301,297,279,296,289,278,270,305,296,295,288,308,264,288,289,280,296,301,287,294,283,296,287,323,286,289,298,283,287,295,309,290,281,297,295,297,283,280,305,299,299,322,297,325,289,285,302,288,296,294,306,294,301,292,297,283,285,288,282,292,291,277,273,297,298,292,311,287,298,310,275,280,299,273,302,281,274,290,299,282,299,284,271,285,309,301,283,305,291,298,286,283,298,288,302,290,295,302,314,302,282,305,311,289,305,256,277,289,300,295,294,307,289,297,280,278,299,287,309,286,302,304,288,303,299,267,305,292,302,301,289,299,269,303,297,296,268,311,315,281,294,291,277,303,301,298,282,284,293,279,264,300,292,294,300,288,282,324,293,287,286,273,300,293,294,294,287,282,288,287,270,286,297,286,318,286,308,287,315,273,314,293,300,300,284,292,285,313,299,314,282,283,290,293,294,279,257,292,300,300,291,304,277,284,290,297,285,279,291,286,280,299,280,295,297,312,274,290,280,288,269,295,311,313,305,295,279,291,289,278,291,296,301,296,298,301,299,282,300,295,309,293,303,280,280,301,310,289,301,287,282,299,290,299,297,285,288,273,300,292,314,311,288,286,300,275,294,280,285,309,293,308,300,289,292,292,287,297,307,296,290,294,308,301,275,285,292,283,301,288,287,287,289,271,289,289,293,282,291,291,280,296,291.855,11.44976297,0
2,2,153,144,142,139,146,142,146,140,140,146,135,143,134,133,138,135,138,129,135,128,139,137,135,131,137,136,130,132,130,140,134,138,130,131,134,141,127,136,146,136,140,142,142,134,139,152,137,144,148,136,134,142,134,132,145,135,144,145,133,144,147,127,143,126,135,150,127,137,144,133,144,143,130,136,141,136,129,153,132,126,126,132,138,138,141,133,137,136,133,136,144,132,140,148,129,126,130,142,133,141,135,133,141,148,151,130,126,138,149,133,140,122,134,137,141,130,134,137,147,135,139,140,124,129,145,137,139,121,138,143,141,142,143,145,132,136,136,137,143,135,136,150,133,141,148,143,138,117,141,124,135,129,131,129,129,127,125,145,152,139,125,139,136,131,136,146,131,128,147,133,136,146,138,139,136,143,141,130,133,132,133,144,146,143,141,136,130,137,147,124,134,135,144,129,140,147,151,142,143,134,127,131,133,134,134,132,141,138,141,140,142,138,131,142,127,133,144,148,144,138,142,129,131,138,148,145,144,147,132,131,145,145,144,135,129,153,138,130,151,152,128,136,131,140,140,152,128,135,136,150,136,133,141,131,149,139,133,133,128,130,140,136,134,128,142,135,144,139,135,132,146,152,133,140,136,140,134,152,133,138,143,142,145,128,125,126,159,140,140,138,131,143,141,132,140,129,128,138,139,143,137,142,149,143,134,159,139,146,132,137,144,145,149,140,146,139,140,137,147,141,137,140,147,132,142,128,133,145,140,144,138,142,134,130,137,143,143,143,129,139,138,133,140,138,143,149,144,128,150,127,138,131,138,144,133,135,135,139,147,143,132,139,130,141,140,146,143,143,150,140,131,143,133,143,143,134,138,139,132,140,142,134,131,132,153,132,142,137,139,135,135,137,143,144,133,130,145,137,138,141,135,126,139,136,136,133,132,139,128,137,137,145,145,131,129,127,127,141,132,136,138,142,138,143,140,147,139,133,138,128,139,137,143,141,130,152,134,138,131,143,131,146,145,127,135,122,139,152,145,133,130,129,135,141,140,140,137,140,135,138,128,140,140,147,141,136,137,136,137,143,148,122,142,144,148,142,139,134,134,132,142,139,126,139,143,139,139,132,154,144,141,135,145,146,136,138,148,136,136,146,138,144,147,141,142,147,133,128,144,132,140,126,137,134,142,136,133,139,129,141,132,144,142,131,139,144,145,151,139,152,145,135,141,139,149,143,134,136,148,129,130,145,135,141,135,138,132,136,159,143,148,153,136,129,150,137,136,135,134,132,133,141,144,146,126,146,137,134,135,147,141,141,138,138,135,143,146,147,137,135,134,140,141,143,150,143,122,137,144,139,142,137,132,133,149,145,135,132,131,132,133,131,132,142,137,136,137,145,127,143,132,139,145,127,132,135,137,141,147,132,140,139,130,132,128,143,138,128,143,130,140,132,128,135,126,140,135,138,146,136,156,125,130,140,127,155,135,130,141,130,134,137,134,146,139,137,148,138,140,128,141,147,140,148,142,151,140,142,138,138,140,137,133,139,135,120,137,127,133,145,131,147,116,134,138,148,127,124,144,133,135,134,148,142,143,139,137,138,140,133,123,141,138,139,145,140,118,140,133,141,130,145,131,138,140,134,134,136,131,135,146,133,135,141,137,140,148,146,137,135,144,141,139,141,125,147,132,131,129,131,123,127,127,130,131,127,140,146,133,135,137,132,141,135,138,136,141,155,138,142,135,149,141,134,141,136,136,135,127,132,140,139,145,131,136,140,146,145,148,131,146,142,146,129,130,154,128,136,133,134,144,138,144,131,146,146,138,122,149,135,122,134,150,143,141,150,136,136,145,146,136,132,140,151,132,140,131,122,136,134,141,143,135,133,141,126,142,138,143,139,140,135,136,144,128,146,131,127,139,143,141,141,138,130,138,151,139,145,148,135,133,130,133,129,142,132,122,140,137,147,135,130,134,144,145,134,133,130,131,138,141,131,137,148,142,125,148,135,148,139,132,145,136,143,132,148,132,125,125,146,139,143,139,140,147,134,137,134,129,133,128,141,132,140,136,139,146,132,134,142,130,141,137,138,125,148,136,137,146,159,143,133,124,128,125,145,138,143,135,141,136,137,140,127,135,134,151,142,135,138,148,133,143,148,137,144,141,136,145,146,131,130,132,133,137,129,147,137,129,134,139,137,146,147,133,143,144,135,139,136,137,136,140,136,142,141,139,131,126,147,139,119,132,144,141,145,144,128,126,140,134,133,149,137,142,141,146,138,143,152,147,137.807,6.835823248,0
